player,Successful Raids_points,Successful Tackles_points,Super Tackles_points,Tackle Points_points,Total Points_points,Raid Points_points,Avg Raid Points_points,Avg Tackle Points_points,Super 10s_points,Super Raids_points,DOD Raid Points_points,High 5s_points,season,Played
Ajay Thakur,99.0,5.0,,5.0,127.0,122.0,8.13,0.33,5.0,2.0,8.0,,1,15.0
Amit Singh Chhillar,1.0,26.0,3.0,29.0,30.0,1.0,,2.07,,,,1.0,1,14.0
Anup Kumar,123.0,12.0,2.0,14.0,169.0,155.0,9.69,0.88,10.0,8.0,13.0,,1,16.0
Atif Waheed,,1.0,,1.0,1.0,,,0.33,,,,,1,3.0
Bajirao Hodage,,9.0,2.0,11.0,11.0,,,1.83,,,,,1,6.0
Balbir Singh,7.0,,,,9.0,9.0,1.13,,,,2.0,,1,8.0
Chandran Ranjit,4.0,,,,6.0,6.0,1.0,0.0,,,,,1,6.0
D. Gopu,4.0,20.0,3.0,23.0,27.0,4.0,0.5,1.53,,,,,1,15.0
D. Suresh Kumar,,24.0,4.0,28.0,28.0,,,2.33,,,,4.0,1,12.0
Dadaso Balaso Awad,,4.0,1.0,5.0,5.0,,,1.0,,,,,1,5.0
Deepak Hooda,72.0,2.0,,2.0,89.0,87.0,6.21,0.14,3.0,3.0,8.0,,1,14.0
Deepak Kumar Dahiya,15.0,2.0,,2.0,21.0,19.0,2.71,0.29,,,9.0,,1,7.0
Dharmaraj Cheralathan,8.0,34.0,5.0,39.0,52.0,13.0,1.08,2.44,,,3.0,2.0,1,16.0
Dong Ju Hong,1.0,,,,1.0,1.0,,,,,,,1,2.0
Dovlet Boshimov,3.0,,,,4.0,4.0,,,,,1.0,,1,2.0
Ehsan Zamani Fard,3.0,2.0,,2.0,6.0,4.0,0.5,0.25,,,,,1,8.0
Farhad Kamal Gharibi,,1.0,1.0,2.0,2.0,,,,,,,,1,2.0
Gangadhari Mallesh,10.0,3.0,,3.0,16.0,13.0,1.63,0.3,,,1.0,,1,10.0
Girish Maruti Ernak,2.0,22.0,1.0,23.0,25.0,2.0,0.33,1.92,,,,1.0,1,12.0
Gokul Shitole,,2.0,,2.0,2.0,,,0.67,,,,,1,3.0
Gurchet Singh,1.0,3.0,,3.0,4.0,1.0,0.25,0.75,,,,,1,4.0
Gurpreet Singh,1.0,24.0,1.0,25.0,27.0,2.0,,1.56,,,1.0,1.0,1,16.0
Gurvinder Singh,6.0,3.0,1.0,4.0,13.0,9.0,1.8,0.57,,,3.0,,1,7.0
Jang Kun Lee,39.0,2.0,,2.0,57.0,55.0,5.0,0.18,2.0,5.0,10.0,,1,11.0
Jasmer Singh Gulia,7.0,36.0,2.0,38.0,45.0,7.0,0.78,2.71,,,2.0,,1,14.0
Jasvir Singh,85.0,6.0,1.0,7.0,113.0,106.0,7.07,0.47,2.0,2.0,9.0,,1,15.0
Jeeva Gopal,,6.0,,6.0,6.0,,,0.55,,,,,1,11.0
Jeeva Kumar,,16.0,,16.0,16.0,,,1.78,,,,,1,9.0
Jitesh Joshi,31.0,11.0,2.0,13.0,53.0,40.0,2.86,0.93,,,10.0,2.0,1,14.0
Kalimuthu Balamahendran,8.0,14.0,6.0,20.0,32.0,12.0,1.0,1.43,,1.0,,,1,14.0
Kashiling Adake,93.0,8.0,1.0,9.0,122.0,113.0,8.07,0.64,5.0,3.0,18.0,,1,14.0
Kiran A,,,,,,,,0.0,,,,,1,4.0
Kuldeep Singh,,4.0,1.0,5.0,5.0,,,1.67,,,,,1,3.0
Mahendra Rajput,17.0,,,,21.0,21.0,2.63,,,,2.0,,1,8.0
Mahesh Goud,40.0,8.0,,8.0,59.0,51.0,3.92,0.62,,1.0,5.0,,1,13.0
Mahipal Narwal,18.0,7.0,,7.0,31.0,24.0,4.8,1.4,1.0,2.0,5.0,,1,5.0
Mandeep Kumar,2.0,,,,5.0,5.0,1.0,0.0,,1.0,,,1,7.0
Mangesh Bhagat,19.0,1.0,,1.0,28.0,27.0,3.38,0.13,,,6.0,,1,8.0
Maninder Singh,103.0,6.0,1.0,7.0,137.0,130.0,8.13,0.44,5.0,3.0,22.0,,1,16.0
Manjeet Chhillar,53.0,51.0,,51.0,122.0,71.0,4.44,3.19,2.0,2.0,7.0,3.0,1,16.0
Manoj Kumar,14.0,17.0,3.0,20.0,42.0,22.0,1.83,1.43,,2.0,,,1,14.0
Md. Aruduzzaman Munshi,2.0,,,,2.0,2.0,,,,,,,1,5.0
Mohit Chhillar,1.0,30.0,5.0,35.0,36.0,1.0,,2.19,,,,2.0,1,16.0
Navneet Gautam,,16.0,1.0,17.0,17.0,,,1.21,,,,1.0,1,14.0
Nilesh Shinde,5.0,25.0,3.0,28.0,35.0,7.0,1.75,2.0,,,,2.0,1,14.0
Nitin Madane,78.0,4.0,2.0,6.0,107.0,101.0,8.42,0.5,5.0,3.0,8.0,,1,12.0
Nitin More,,12.0,,12.0,12.0,,,1.33,,,,1.0,1,9.0
Parmod Narwal,10.0,20.0,3.0,23.0,36.0,13.0,1.08,1.44,,,1.0,,1,16.0
Parveen Kumar,,2.0,1.0,3.0,3.0,,,0.38,,,,,1,8.0
Pawan Kumar,32.0,1.0,,1.0,44.0,43.0,4.3,0.1,1.0,,6.0,,1,10.0
Prashant Chavan,1.0,28.0,4.0,32.0,33.0,1.0,,2.13,,,,2.0,1,15.0
Prashant Kumar Rai,5.0,,,,5.0,5.0,0.71,0.0,,,,,1,7.0
Pravin Niwale,12.0,1.0,,1.0,21.0,20.0,3.33,0.14,1.0,3.0,5.0,,1,7.0
Preetam Chhillar,3.0,7.0,,7.0,12.0,5.0,0.83,0.64,,,,,1,11.0
Punit Kumar Teotia,2.0,2.0,,2.0,5.0,3.0,0.75,0.5,,,,,1,4.0
Rahul Chaudhari,123.0,9.0,1.0,10.0,161.0,151.0,10.79,0.71,8.0,2.0,8.0,,1,14.0
Rajaguru Subramanian,,18.0,1.0,19.0,19.0,,,1.36,,,,,1,14.0
Rajesh Mondal,32.0,4.0,1.0,5.0,44.0,39.0,2.6,0.33,,2.0,11.0,,1,15.0
Rajesh Narwal,59.0,25.0,1.0,26.0,98.0,72.0,4.5,1.63,,3.0,14.0,2.0,1,16.0
Raju Lal Choudhary,,2.0,,2.0,2.0,,,0.4,,,,,1,5.0
Rakesh Kumar,78.0,11.0,,11.0,99.0,88.0,7.33,0.92,2.0,,6.0,,1,12.0
Rakesh Singh Kumar,1.0,3.0,,3.0,4.0,1.0,,0.33,,,,,1,9.0
Ram Kumar Sah,3.0,14.0,1.0,15.0,18.0,3.0,0.75,1.67,,,,2.0,1,9.0
Ran Singh,5.0,23.0,2.0,25.0,36.0,11.0,1.38,2.5,,1.0,2.0,1.0,1,10.0
Ravi Dalal,88.0,,,,111.0,111.0,6.94,0.0,3.0,4.0,20.0,,1,16.0
Ravinder Pahal,,29.0,,29.0,29.0,,,3.22,,,,3.0,1,9.0
Rishank Devadiga,46.0,13.0,,13.0,77.0,64.0,4.0,0.81,,2.0,8.0,,1,16.0
Rohit Rana,,37.0,1.0,38.0,38.0,,,2.53,,,,3.0,1,15.0
Rupesh Tomar,1.0,3.0,1.0,4.0,5.0,1.0,,0.8,,,,,1,5.0
Sachin Khambe,5.0,20.0,2.0,22.0,27.0,5.0,1.0,1.57,,,1.0,,1,14.0
Sachin Shingade,,19.0,1.0,20.0,20.0,,,2.0,,,,1.0,1,10.0
Sagar Khatale,,10.0,,10.0,10.0,,,1.25,,,,,1,8.0
Samarjeet Singh,,10.0,1.0,11.0,12.0,1.0,0.2,0.92,,,,,1,12.0
Sandeep Narwal,70.0,21.0,6.0,27.0,119.0,92.0,5.75,1.69,1.0,8.0,11.0,2.0,1,16.0
Seong Ryeol Kim,,5.0,,5.0,5.0,,,1.67,,,,,1,3.0
Shabeer Bappu,52.0,1.0,,1.0,67.0,66.0,6.6,0.1,3.0,2.0,11.0,,1,10.0
Shrikant Tewthia,37.0,8.0,1.0,9.0,50.0,41.0,2.93,0.64,1.0,,3.0,,1,14.0
Shyam Kumar Sah,7.0,17.0,1.0,18.0,28.0,10.0,1.25,1.38,,,1.0,,1,13.0
Simon Kibura,5.0,2.0,,2.0,8.0,6.0,3.0,0.5,,,1.0,,1,4.0
Sinotharan Kanesharajah,2.0,1.0,,1.0,5.0,4.0,,,,1.0,,,1,1.0
Somvir Shekhar,,,,,,,,0.0,,,,,1,6.0
Sukesh Hegde,60.0,4.0,,4.0,83.0,79.0,5.64,0.29,,3.0,15.0,,1,14.0
Sunil Hanumanthappa,1.0,2.0,,2.0,4.0,2.0,,,,,,,1,5.0
Sunil Jaipal,22.0,13.0,4.0,17.0,50.0,33.0,2.54,1.31,,2.0,3.0,1.0,1,13.0
Sunil Subhash Lande,,1.0,,1.0,1.0,,,0.25,,,,,1,4.0
Surender Nada,8.0,47.0,4.0,51.0,61.0,10.0,1.25,3.4,,,1.0,5.0,1,15.0
Suresu Kumar,6.0,,,,6.0,6.0,2.0,0.0,,,1.0,,1,3.0
Surjeet Narwal,100.0,5.0,2.0,7.0,120.0,113.0,8.07,0.5,6.0,2.0,8.0,,1,14.0
Swapnil Shinde,,8.0,,8.0,8.0,,,1.0,,,,,1,8.0
Tae Deok Eom,1.0,1.0,1.0,2.0,4.0,2.0,0.67,0.22,,,1.0,,1,9.0
Takamitsu Kono,1.0,1.0,,1.0,2.0,1.0,,,,,,,1,1.0
Vijendar Singh,,19.0,1.0,20.0,20.0,,,2.5,,,,2.0,1,8.0
Vikas Tomar,,4.0,1.0,5.0,5.0,,,0.63,,,,,1,8.0
Vishal Mane,,19.0,1.0,20.0,20.0,,,1.25,,,,1.0,1,16.0
Wajid Ali,3.0,1.0,,1.0,5.0,4.0,,0.25,,,,,1,4.0
Waleed Al Hasani,10.0,,,,14.0,14.0,2.33,,,1.0,1.0,,1,6.0
Wasim Sajjad,,24.0,3.0,27.0,27.0,,,1.8,,,,,1,15.0
Wazir Singh,87.0,5.0,2.0,7.0,111.0,104.0,8.67,0.58,4.0,2.0,20.0,,1,12.0
Adinath Gavali,,1.0,,1.0,1.0,,,1.0,,,,,2,1.0
Ajay Thakur,56.0,1.0,,1.0,80.0,79.0,6.08,0.08,2.0,6.0,34.0,,2,13.0
Aman Kumar,,2.0,,2.0,2.0,,,0.5,,,,,2,4.0
Amit Hooda,4.0,20.0,1.0,21.0,26.0,5.0,0.45,1.75,,,1.0,,2,12.0
Amit Kumar,,1.0,,1.0,1.0,,,,,,,,2,1.0
Amit Kumar Tomar,3.0,2.0,,2.0,8.0,6.0,0.67,0.22,,,1.0,,2,9.0
Amit Rathi,9.0,,,,12.0,12.0,2.4,,,,3.0,,2,5.0
Amit Singh Chhillar,,11.0,1.0,12.0,12.0,,,2.0,,,,1.0,2,6.0
Anil Singh,,,,,,,,0.0,,,,,2,2.0
Anoop E.V.,,2.0,,2.0,2.0,,,1.0,,,,,2,2.0
Anup Kumar,61.0,6.0,1.0,7.0,81.0,74.0,5.29,0.5,1.0,1.0,8.0,,2,14.0
Ashish Chhokar,7.0,1.0,,1.0,13.0,12.0,2.0,,,,3.0,,2,6.0
Ashish Kumar,2.0,2.0,1.0,3.0,5.0,2.0,0.5,0.6,,,1.0,,2,5.0
Bajirao Hodage,,13.0,,13.0,13.0,,,1.86,,,,,2,7.0
Balbir Singh,,,,,1.0,1.0,,,,,,,2,2.0
Bhupender Singh,18.0,8.0,,8.0,30.0,22.0,2.2,0.73,,1.0,11.0,1.0,2,11.0
C. Arun,,10.0,1.0,11.0,11.0,,,1.38,,,,,2,8.0
Chandran Ranjit,,1.0,,1.0,1.0,,0.0,,,,,,2,1.0
D. Gopu,,9.0,,9.0,9.0,,,1.29,,,,,2,7.0
D. Suresh Kumar,,26.0,4.0,30.0,30.0,,,1.88,,,,2.0,2,16.0
Dadaso Balaso Awad,4.0,10.0,2.0,12.0,17.0,5.0,0.83,1.71,,,2.0,,2,7.0
Deepak Dhull,,10.0,1.0,11.0,12.0,1.0,,1.38,,,,1.0,2,8.0
Deepak Hooda,54.0,32.0,4.0,36.0,96.0,60.0,4.0,2.4,1.0,1.0,8.0,3.0,2,15.0
Deepak Kumar,,4.0,1.0,5.0,5.0,,,1.25,,,,1.0,2,4.0
Deepak Kumar Dahiya,3.0,,,,6.0,6.0,3.0,,,,4.0,,2,2.0
Deepak Narwal,45.0,4.0,,4.0,61.0,57.0,3.56,0.25,,1.0,15.0,,2,16.0
Dharmaraj Cheralathan,15.0,41.0,1.0,42.0,61.0,19.0,1.36,2.8,,,2.0,2.0,2,15.0
Dinesh Kumar,17.0,,,,19.0,19.0,2.38,,,,4.0,,2,8.0
Fazel Atrachali,1.0,9.0,2.0,11.0,12.0,1.0,,2.2,,,,1.0,2,5.0
G.S. Manikandan,,9.0,1.0,10.0,10.0,,,0.77,,,,,2,13.0
Gangadhari Mallesh,2.0,6.0,2.0,8.0,11.0,3.0,0.43,0.8,,,3.0,,2,10.0
Girish Maruti Ernak,,26.0,1.0,27.0,27.0,,,2.08,,,,1.0,2,13.0
Gurpreet Singh,,1.0,,1.0,1.0,,,,,,,,2,2.0
Gurvinder Singh,34.0,5.0,,5.0,49.0,44.0,2.93,0.31,1.0,1.0,19.0,,2,16.0
Hadi Oshtorak,,6.0,1.0,7.0,7.0,,,1.75,,,,1.0,2,4.0
Harvinder Singh,,7.0,1.0,8.0,8.0,,,2.0,,,,,2,4.0
Hyunil Park,1.0,1.0,,1.0,3.0,2.0,,,,,,,2,2.0
Inderpal Bishnoi,1.0,,,,1.0,1.0,,,,,,,2,2.0
Isac Antony,9.0,4.0,,4.0,14.0,10.0,1.67,0.57,,,1.0,,2,7.0
Jang Kun Lee,36.0,2.0,,2.0,50.0,48.0,3.43,0.14,1.0,3.0,15.0,,2,14.0
Jasmer Singh Gulia,,2.0,,2.0,2.0,,,0.67,,,,,2,3.0
Jasvir Singh,52.0,8.0,2.0,10.0,74.0,64.0,4.92,0.77,,,7.0,,2,13.0
Jeeva Gopal,,1.0,,1.0,1.0,,,0.5,,,,,2,2.0
Jeeva Kumar,1.0,31.0,7.0,38.0,39.0,1.0,,2.92,,,,3.0,2,13.0
Jishnu,,1.0,,1.0,1.0,,,0.33,,,,,2,3.0
Jitesh Joshi,12.0,3.0,,3.0,16.0,13.0,2.6,0.6,,,5.0,,2,5.0
Joginder Narwal,,30.0,,30.0,30.0,,,2.14,,,,,2,14.0
K. Prapanjan,3.0,2.0,,2.0,7.0,5.0,1.25,,,,2.0,,2,4.0
Kalimuthu Balamahendran,2.0,5.0,,5.0,11.0,6.0,3.0,0.83,,1.0,5.0,,2,6.0
Kashiling Adake,87.0,3.0,,3.0,117.0,114.0,8.14,0.21,3.0,7.0,20.0,,2,14.0
Kazuhiro Takano,1.0,,,,1.0,1.0,,,,,,,2,2.0
Kedar Lal,7.0,1.0,,1.0,13.0,12.0,1.33,,,1.0,9.0,,2,9.0
Kuldeep Singh,20.0,30.0,4.0,34.0,62.0,28.0,2.0,2.43,,1.0,6.0,2.0,2,14.0
Mahendra Rajput,37.0,1.0,,1.0,56.0,55.0,4.58,0.08,2.0,3.0,18.0,,2,12.0
Mahesh Goud,3.0,,,,3.0,3.0,3.0,,,,2.0,,2,1.0
Mahipal Narwal,13.0,6.0,,6.0,21.0,15.0,1.67,0.67,,,4.0,,2,9.0
Manjeet Chhillar,60.0,39.0,1.0,40.0,107.0,67.0,4.19,2.5,,,4.0,3.0,2,16.0
Manoj Dhull,,13.0,,13.0,13.0,,,1.86,,,,,2,7.0
Manoj Kumar,2.0,13.0,4.0,17.0,20.0,3.0,0.3,1.21,,,,1.0,2,14.0
Meraj Sheykh,18.0,9.0,,9.0,38.0,29.0,2.07,0.6,1.0,3.0,2.0,,2,15.0
Mohammad Maghsoudlou,1.0,,,,1.0,1.0,0.25,,,,,,2,4.0
Mohit Chhillar,,39.0,3.0,42.0,42.0,,,3.0,,,,3.0,2,14.0
Navneet Gautam,,1.0,,1.0,1.0,,,0.14,,,,,2,7.0
Nilesh Shinde,1.0,21.0,6.0,27.0,30.0,3.0,0.43,2.25,,,1.0,1.0,2,12.0
Nitin More,,2.0,,2.0,2.0,,,0.67,,,,,2,3.0
Pardeep Narwal,7.0,,,,9.0,9.0,1.5,,,1.0,4.0,,2,6.0
Parveen M. Jangra,1.0,5.0,,5.0,6.0,1.0,0.25,0.83,,,,,2,6.0
Pawan Kumar,9.0,,,,16.0,16.0,1.6,,,1.0,6.0,,2,10.0
Pradeep Kumar,19.0,1.0,1.0,2.0,26.0,24.0,4.0,0.33,1.0,2.0,5.0,,2,6.0
Prashant Chavan,,9.0,2.0,11.0,11.0,,0.0,1.0,,,,,2,11.0
Prashant Kumar Rai,42.0,3.0,1.0,4.0,58.0,54.0,3.6,0.27,1.0,1.0,14.0,,2,15.0
Pravin Niwale,30.0,1.0,,1.0,42.0,41.0,5.13,0.13,,2.0,9.0,,2,8.0
Preetam Chhillar,2.0,8.0,,8.0,10.0,2.0,0.29,0.67,,,,,2,12.0
Rahul Chaudhari,75.0,9.0,,9.0,107.0,98.0,7.0,0.64,5.0,6.0,14.0,,2,14.0
Rajaguru Subramanian,,15.0,2.0,17.0,18.0,1.0,,1.42,,,,,2,12.0
Rajeev Kumar,,4.0,,4.0,4.0,,,1.33,,,,,2,3.0
Rajesh Mondal,27.0,1.0,,1.0,34.0,33.0,2.2,0.07,,1.0,18.0,,2,15.0
Rajesh Narwal,54.0,16.0,2.0,18.0,87.0,69.0,4.93,1.29,2.0,3.0,14.0,,2,14.0
Rakesh Kumar,12.0,3.0,,3.0,17.0,14.0,3.5,0.75,,,4.0,,2,4.0
Rakesh Narwal,14.0,,,,21.0,21.0,2.1,0.0,,2.0,9.0,,2,11.0
Rakesh Singh Kumar,,17.0,2.0,19.0,19.0,,0.0,1.46,,,,1.0,2,13.0
Ran Singh,10.0,27.0,4.0,31.0,44.0,13.0,1.44,2.21,,,5.0,1.0,2,14.0
Ravi Dalal,38.0,3.0,,3.0,47.0,44.0,4.0,0.27,,1.0,8.0,,2,11.0
Ravi Kumar,,33.0,4.0,37.0,37.0,,0.0,2.85,,,,3.0,2,13.0
Ravi V.,5.0,,,,8.0,8.0,4.0,,,,3.0,,2,2.0
Ravinder Pahal,3.0,53.0,7.0,60.0,64.0,4.0,0.36,4.29,,,,5.0,2,14.0
Ravit Kumar,1.0,1.0,,1.0,2.0,1.0,,0.33,,,,,2,3.0
Rishank Devadiga,36.0,14.0,,14.0,58.0,44.0,3.38,1.08,,,25.0,,2,13.0
Rohit Baliyan,11.0,,,,12.0,12.0,3.0,,,,1.0,,2,5.0
Rohit Kumar Choudary,41.0,3.0,,3.0,64.0,61.0,4.36,0.21,1.0,6.0,33.0,,2,14.0
Rohit Rana,1.0,16.0,,16.0,17.0,1.0,,1.6,,,,1.0,2,10.0
Rupesh Tomar,3.0,4.0,2.0,6.0,10.0,4.0,,1.0,,,,,2,6.0
Sachin Khambe,,20.0,4.0,24.0,24.0,,0.0,3.0,,,,2.0,2,8.0
Sachin Shingade,,2.0,,2.0,2.0,,,0.5,,,,,2,4.0
Sachin V.,9.0,,,,11.0,11.0,2.75,,,1.0,4.0,,2,4.0
Sagar Khatale,,4.0,,4.0,4.0,,,1.0,,,,,2,4.0
Samarjeet Singh,,1.0,1.0,2.0,2.0,,,,,,,,2,5.0
Sandeep Kandola,7.0,55.0,4.0,59.0,70.0,11.0,1.38,3.69,,,,6.0,2,16.0
Sandeep Malik,,1.0,1.0,2.0,2.0,,,,,,,,2,1.0
Sandeep Narwal,36.0,34.0,3.0,37.0,83.0,46.0,2.88,2.31,,1.0,6.0,2.0,2,16.0
Sandeep Tomar,2.0,,,,2.0,2.0,0.67,,,,1.0,,2,3.0
Sanjay Kumar,9.0,1.0,,1.0,16.0,15.0,2.5,0.14,,2.0,4.0,,2,7.0
Selvamani K,9.0,,,,14.0,14.0,1.56,,,1.0,1.0,,2,10.0
Seong Ryeol Kim,,3.0,1.0,4.0,4.0,,,1.0,,,,,2,4.0
Shabeer Bappu,36.0,1.0,,1.0,47.0,46.0,4.6,0.1,1.0,2.0,22.0,,2,10.0
Shrikant Tewthia,9.0,8.0,1.0,9.0,19.0,10.0,1.25,1.0,,,3.0,,2,9.0
Shyam Kumar Sah,,13.0,,13.0,13.0,,,1.86,,,,1.0,2,7.0
Simon Kibura,1.0,,,,1.0,1.0,,,,,,,2,3.0
Sinotharan Kanesharajah,,,,,1.0,1.0,,,,,1.0,,2,2.0
Somvir Shekhar,1.0,32.0,2.0,34.0,35.0,1.0,,2.43,,,,4.0,2,14.0
Sonu Narwal,42.0,,,,51.0,51.0,4.64,,1.0,1.0,12.0,,2,11.0
Sukesh Hegde,44.0,2.0,,2.0,64.0,62.0,4.77,0.15,,5.0,26.0,,2,13.0
Sunil,1.0,19.0,3.0,22.0,24.0,2.0,,2.44,,,,1.0,2,9.0
Sunil Jaipal,24.0,4.0,2.0,6.0,40.0,34.0,3.4,0.6,,2.0,8.0,,2,10.0
Surender Nada,2.0,39.0,2.0,41.0,44.0,3.0,0.27,2.93,,,1.0,4.0,2,14.0
Surender Singh,4.0,3.0,,3.0,8.0,5.0,2.5,1.5,,,1.0,,2,2.0
Suresu Kumar,1.0,1.0,,1.0,2.0,1.0,1.0,,,,1.0,,2,1.0
T. Prasad,,4.0,,4.0,4.0,,,0.67,,,,,2,6.0
Tae Deok Eom,8.0,5.0,,5.0,16.0,11.0,1.83,0.63,,,4.0,,2,8.0
Tushar Patil,15.0,,,,15.0,15.0,2.5,,,,6.0,,2,6.0
Varinder Singh,,5.0,,5.0,5.0,,,0.63,,,,,2,8.0
Vijay Malik,4.0,,,,5.0,5.0,0.71,,,,3.0,,2,7.0
Vijender Singh,,9.0,1.0,10.0,11.0,1.0,,1.43,,,,,2,7.0
Vijin Thangadurai,,11.0,2.0,13.0,13.0,,,1.86,,,,,2,7.0
Vikas Kale,,6.0,3.0,9.0,9.0,,,1.13,,,,1.0,2,8.0
Vineet Sharma,8.0,2.0,,2.0,10.0,8.0,1.0,0.25,,,2.0,,2,8.0
Vishal Mane,,26.0,,26.0,26.0,,,1.86,,,,1.0,2,14.0
Wazir Singh,48.0,2.0,,2.0,67.0,65.0,5.91,0.18,2.0,2.0,7.0,,2,11.0
Yogesh Hooda,11.0,1.0,,1.0,13.0,12.0,3.0,,,,5.0,,2,4.0
Ajay Thakur,41.0,4.0,,4.0,56.0,52.0,3.71,0.29,1.0,2.0,24.0,,3,14.0
Amit Hooda,,11.0,,11.0,11.0,,,2.75,,,,,3,4.0
Amit Rathi,21.0,4.0,2.0,6.0,36.0,30.0,3.75,0.75,,1.0,11.0,,3,8.0
Amit Singh Chhillar,,5.0,,5.0,5.0,,,1.0,,,,,3,5.0
Anil Kashinath Patil,6.0,,,,8.0,8.0,1.6,,,,6.0,,3,5.0
Anil Kumar,2.0,19.0,,19.0,21.0,2.0,0.33,1.73,,,1.0,,3,11.0
Anil Shriram Nimbolkar,9.0,2.0,2.0,4.0,19.0,15.0,2.5,0.67,1.0,1.0,4.0,,3,6.0
Anup Kumar,63.0,3.0,,3.0,79.0,76.0,5.85,0.23,,3.0,3.0,,3,13.0
Ashish Kumar,5.0,25.0,,25.0,32.0,7.0,0.88,1.92,,,,1.0,3,13.0
Bajirao Hodage,,36.0,1.0,37.0,37.0,,,2.31,,,,1.0,3,16.0
Bhupender Singh,8.0,1.0,,1.0,12.0,11.0,1.0,0.09,,,10.0,,3,11.0
C. Arun,1.0,12.0,5.0,17.0,18.0,1.0,0.25,1.55,,,,1.0,3,11.0
D. Gopu,,1.0,,1.0,1.0,,,,,,,,3,2.0
D. Suresh Kumar,,16.0,2.0,18.0,18.0,,,1.5,,,,,3,12.0
Darshan Kadian,,2.0,,2.0,2.0,,,1.0,,,,,3,2.0
Deepak Dhull,,1.0,,1.0,1.0,,,,,,,,3,1.0
Deepak Hooda,62.0,7.0,,7.0,76.0,69.0,5.75,0.58,1.0,,21.0,,3,12.0
Deepak Kumar,4.0,11.0,1.0,11.0,17.0,6.0,0.6,1.33,,1.0,5.0,,3,14.0
Deepak Kumar Dahiya,29.0,,,,37.0,37.0,3.7,,,3.0,20.0,,3,10.0
Deepak Narwal,21.0,1.0,1.0,2.0,33.0,31.0,3.88,,1.0,,6.0,,3,9.0
Dharmaraj Cheralathan,3.0,28.0,3.0,31.0,37.0,6.0,0.6,2.21,,,1.0,2.0,3,14.0
Fazel Atrachali,,32.0,,32.0,33.0,1.0,,2.91,,,,2.0,3,11.0
G.S. Manikandan,,1.0,,1.0,1.0,,,0.14,,,,,3,7.0
Gangadhari Mallesh,1.0,8.0,1.0,9.0,10.0,1.0,0.17,0.9,,,1.0,,3,10.0
Girish Maruti Ernak,,33.0,,33.0,34.0,1.0,0.11,3.0,,,,3.0,3,11.0
Gnanasekaran M,3.0,1.0,1.0,2.0,7.0,5.0,1.0,0.25,,,,,3,8.0
Gurvinder Singh,2.0,2.0,,2.0,6.0,4.0,0.8,,,,1.0,,3,5.0
Hadi Oshtorak,,17.0,1.0,18.0,18.0,,,1.8,,,,,3,10.0
Hardeep Duhan,,1.0,,1.0,1.0,,,,,,,,3,1.0
Isac Antony,1.0,,,,1.0,1.0,,,,,1.0,,3,2.0
Jagdeesha K.K.,,5.0,,5.0,5.0,,,0.71,,,,,3,7.0
Jang Kun Lee,64.0,9.0,2.0,11.0,90.0,79.0,5.27,0.73,2.0,2.0,33.0,,3,15.0
Jasmer Singh Gulia,,41.0,5.0,46.0,46.0,,,2.88,,,,4.0,3,16.0
Jasvir Singh,15.0,,,,25.0,25.0,6.25,,1.0,2.0,12.0,,3,4.0
Jay Bahadur Bohara,1.0,,,,2.0,2.0,,,,,2.0,,3,1.0
Jeeva Kumar,,30.0,1.0,31.0,31.0,,,1.94,,,,,3,16.0
K. Prapanjan,1.0,,,,2.0,2.0,0.5,,,,1.0,,3,4.0
Kashiling Adake,55.0,3.0,,3.0,78.0,75.0,6.82,0.27,1.0,3.0,9.0,,3,11.0
Kuldeep Singh,5.0,11.0,3.0,14.0,21.0,7.0,0.7,1.4,,,1.0,1.0,3,10.0
Mahendra Rajput,17.0,5.0,2.0,7.0,26.0,19.0,2.38,0.88,,,12.0,,3,8.0
Mahesh Goud,30.0,1.0,,1.0,34.0,33.0,2.54,0.08,,,12.0,,3,13.0
Mahipal Narwal,3.0,8.0,,8.0,13.0,5.0,1.25,2.0,,,1.0,,3,4.0
Manjeet Chhillar,37.0,56.0,5.0,61.0,106.0,45.0,3.0,4.07,,2.0,6.0,5.0,3,15.0
Manoj Kumar,,13.0,4.0,17.0,17.0,,,1.55,,,,1.0,3,11.0
Manpreet Singh,20.0,5.0,,5.0,29.0,24.0,1.85,0.38,,,4.0,,3,13.0
Meraj Sheykh,20.0,18.0,3.0,21.0,48.0,27.0,1.93,1.5,,,11.0,,3,14.0
Mohammad Maghsoudlou,8.0,1.0,,1.0,14.0,13.0,1.3,,,,9.0,,3,10.0
Mohit Chhillar,,44.0,2.0,46.0,46.0,,,3.54,,,,6.0,3,13.0
Navjot Singh,,1.0,,1.0,1.0,,,,,,,,3,1.0
Navneet Gautam,,3.0,,3.0,4.0,1.0,,0.43,,,,,3,7.0
Nilesh Salunke,5.0,,,,10.0,10.0,2.0,,,1.0,6.0,,3,7.0
Nilesh Shinde,2.0,30.0,4.0,34.0,36.0,2.0,0.18,2.13,,,,1.0,3,16.0
Nirbhay Narwal,1.0,1.0,,1.0,2.0,1.0,,,,,1.0,,3,2.0
Nitin More,,5.0,,5.0,5.0,,,0.5,,,,,3,10.0
Nitin Tomar,68.0,3.0,1.0,4.0,81.0,77.0,7.7,0.4,2.0,1.0,5.0,,3,10.0
Pardeep Narwal,83.0,5.0,,5.0,121.0,116.0,7.73,0.31,5.0,10.0,25.0,,3,16.0
Parmod Narwal,,2.0,,2.0,2.0,,,,,,,,3,4.0
Parvesh Attri,1.0,,,,1.0,1.0,,,,,1.0,,3,1.0
Pawan Kumar,4.0,,,,6.0,6.0,1.5,,,,3.0,,3,5.0
Pawan Sehrawat,36.0,6.0,2.0,8.0,53.0,45.0,3.46,0.62,,1.0,19.0,,3,13.0
Prashant Chavan,,3.0,,3.0,3.0,,,0.5,,,,,3,6.0
Prashant Kumar Rai,8.0,,,,12.0,12.0,1.0,,,,1.0,,3,13.0
Pravin Niwale,1.0,,,,1.0,1.0,0.5,,,,,,3,2.0
Preetam Chhillar,3.0,9.0,,9.0,14.0,5.0,0.83,0.82,,,,,3,11.0
Rahul Chaudhari,77.0,10.0,2.0,12.0,99.0,87.0,6.69,0.92,4.0,1.0,9.0,,3,13.0
Rahul Kumar,,12.0,2.0,14.0,14.0,,,1.27,,,,,3,11.0
Rajaguru Subramanian,,6.0,,6.0,6.0,,,0.86,,,,,3,7.0
Rajesh Mondal,18.0,1.0,,1.0,28.0,27.0,3.0,,,2.0,16.0,,3,9.0
Rajesh Narwal,47.0,18.0,3.0,21.0,80.0,59.0,4.21,1.5,1.0,2.0,14.0,1.0,3,14.0
Raju Lal Choudhary,,1.0,,1.0,1.0,,,,,,,,3,1.0
Rakesh Kumar,29.0,16.0,2.0,18.0,51.0,33.0,2.2,1.2,,,6.0,1.0,3,15.0
Rakesh Singh Kumar,,3.0,,3.0,3.0,,,0.38,,,,,3,8.0
Ran Singh,15.0,21.0,,21.0,41.0,20.0,1.54,1.5,,2.0,8.0,,3,14.0
Ravi Kumar,,8.0,1.0,9.0,9.0,,,0.75,,,,,3,12.0
Ravinandan G.M.,,1.0,,1.0,1.0,,,,,,,,3,1.0
Ravinder Pahal,4.0,22.0,4.0,26.0,34.0,8.0,0.89,2.36,,,,2.0,3,11.0
Rishank Devadiga,86.0,8.0,1.0,9.0,115.0,106.0,6.63,0.56,2.0,4.0,29.0,,3,16.0
Rohit Baliyan,44.0,2.0,,2.0,56.0,54.0,4.91,0.18,2.0,2.0,8.0,,3,11.0
Rohit Kumar,80.0,7.0,,7.0,109.0,102.0,9.27,0.58,5.0,4.0,20.0,,3,12.0
Rohit Kumar Choudary,11.0,,,,16.0,16.0,2.29,0.0,,,5.0,,3,7.0
Rohit Kumar Prajapat,,1.0,,1.0,1.0,,0.0,,,,,,3,3.0
Rohit Rana,,14.0,3.0,17.0,18.0,1.0,0.17,1.42,,,,1.0,3,12.0
Sachin Shingade,,5.0,1.0,6.0,6.0,,,3.0,,,,,3,2.0
Samarjeet Singh,2.0,5.0,1.0,6.0,8.0,2.0,0.4,1.2,,,,,3,5.0
Sandeep,,3.0,,3.0,3.0,,,1.0,,,,,3,3.0
Sandeep Dhull,,26.0,6.0,32.0,32.0,,,3.2,,,,2.0,3,10.0
Sandeep Narwal,8.0,53.0,2.0,55.0,64.0,9.0,0.64,3.93,,,,6.0,3,14.0
Sanju,,1.0,,1.0,1.0,,,0.25,,,,,3,4.0
Selvamani K,29.0,1.0,,1.0,39.0,38.0,4.75,0.13,1.0,1.0,25.0,,3,8.0
Seong Ryeol Kim,2.0,2.0,,2.0,5.0,3.0,0.75,0.25,,,2.0,,3,8.0
Shabeer Bappu,11.0,,,,13.0,13.0,1.3,,,,4.0,,3,10.0
Shrikant Jadhav,9.0,,,,10.0,10.0,2.0,,,,2.0,,3,5.0
Shrikant Tewthia,16.0,12.0,1.0,13.0,33.0,20.0,2.0,1.0,,1.0,,1.0,3,13.0
Shyam Kumar Sah,4.0,4.0,1.0,5.0,12.0,7.0,1.4,0.71,,1.0,,,3,7.0
Simon Kibura,2.0,,,,2.0,2.0,1.0,,,,1.0,,3,2.0
Somvir,,20.0,1.0,21.0,22.0,1.0,,1.5,,,,,3,14.0
Somvir Shekhar,,,,,,,,0.0,,,,,3,3.0
Sonu Narwal,49.0,,,,55.0,55.0,5.0,,,2.0,8.0,,3,11.0
Sukesh Hegde,49.0,2.0,1.0,3.0,64.0,61.0,4.69,0.23,,,11.0,,3,13.0
Sunil,1.0,28.0,1.0,29.0,30.0,1.0,,1.93,,,1.0,1.0,3,15.0
Sunil Jaipal,4.0,,,,4.0,4.0,2.0,,,,,,3,2.0
Surender Nada,,13.0,,13.0,14.0,1.0,0.5,1.86,,,,,3,7.0
Surender Singh,34.0,1.0,,1.0,45.0,44.0,3.67,0.08,,2.0,12.0,,3,12.0
Suresu Kumar,2.0,,,,2.0,2.0,,,,,1.0,,3,3.0
Surjeet Narwal,29.0,3.0,,3.0,43.0,40.0,3.33,0.25,1.0,2.0,2.0,,3,12.0
Surjeet Singh,54.0,47.0,1.0,48.0,68.0,68.0,5.67,4.0,5.0,,6.0,5.0,3,12.0
Sushil Vijay Bhosle,,2.0,,2.0,2.0,,,1.0,,,,,3,2.0
T. Prasad,,1.0,,1.0,1.0,,,,,,,,3,3.0
Tae Deok Eom,1.0,,,,1.0,1.0,,0.0,,,,,3,7.0
Tushar Patil,16.0,,,,22.0,22.0,1.83,0.0,,2.0,14.0,,3,13.0
Umesh Mhatre,11.0,4.0,1.0,5.0,19.0,14.0,2.33,0.83,,,6.0,,3,6.0
Vijin Thangadurai,,2.0,,2.0,2.0,,,0.5,,,,,3,4.0
Vikas Kale,,12.0,,12.0,12.0,,,1.33,,,,,3,9.0
Vineet Sharma,8.0,1.0,,1.0,9.0,8.0,2.0,,,,,,3,4.0
Vinod Kumar,,16.0,,16.0,16.0,,,1.78,,,,,3,9.0
Vinoth Kumar,13.0,,,,16.0,16.0,2.29,,,,10.0,,3,7.0
Vinoth Paulyas,2.0,,,,2.0,2.0,0.67,,,,2.0,,3,3.0
Virender Wazir Singh,4.0,1.0,,1.0,7.0,6.0,1.5,,,,2.0,,3,4.0
Vishal Mane,,16.0,,16.0,16.0,,,1.23,,,,,3,13.0
Yogesh Hooda,5.0,2.0,,2.0,8.0,6.0,1.2,0.33,,,3.0,,3,6.0
Abolfazl Maghsodlou,18.0,,,,25.0,25.0,2.78,,,2.0,9.0,,4,9.0
Ajay Kumar,44.0,,,,61.0,61.0,4.36,0.0,2.0,1.0,36.0,,4,15.0
Ajay Singh,,1.0,,1.0,1.0,,,1.0,,,,,4,1.0
Ajay Thakur,41.0,1.0,,1.0,64.0,63.0,3.94,0.06,1.0,5.0,26.0,,4,16.0
Amit Hooda,,47.0,4.0,51.0,53.0,2.0,,3.19,,,,3.0,4,16.0
Amit Nagar,1.0,,,,2.0,2.0,0.67,,,,,,4,3.0
Amit Rathi,3.0,,,,4.0,4.0,2.0,,,,3.0,,4,2.0
Amit Singh Chhillar,,13.0,,13.0,13.0,,,1.44,,,,,4,9.0
Anil Kumar,1.0,11.0,4.0,15.0,16.0,1.0,0.33,1.67,,,1.0,,4,9.0
Anup Kumar,60.0,9.0,1.0,10.0,82.0,72.0,5.14,0.71,,1.0,3.0,,4,14.0
Ashish Kumar,11.0,17.0,6.0,23.0,37.0,14.0,1.08,1.64,,,5.0,1.0,4,14.0
Athul M S,6.0,,,,8.0,8.0,2.0,,,,4.0,,4,4.0
Bajirao Hodage,,20.0,2.0,22.0,22.0,,,1.57,,,,1.0,4,14.0
Bhupender Singh,,,,,,,0.0,,,,,,4,4.0
C. Arun,,14.0,1.0,15.0,15.0,,,1.07,,,,,4,14.0
D. Gopu,,5.0,2.0,7.0,7.0,,,1.4,,,,1.0,4,5.0
D. Suresh Kumar,,19.0,,19.0,19.0,,,1.36,,,,,4,14.0
Deepak Hooda,108.0,4.0,,4.0,130.0,126.0,7.88,0.25,2.0,2.0,34.0,,4,16.0
Deepak Kumar Dahiya,8.0,1.0,,1.0,13.0,12.0,1.71,,,1.0,5.0,,4,7.0
Deepak Narwal,8.0,,,,13.0,13.0,2.17,,,1.0,4.0,,4,6.0
Dharmaraj Cheralathan,2.0,31.0,8.0,39.0,41.0,2.0,0.18,2.79,,,,4.0,4,14.0
Fazel Atrachali,,45.0,7.0,52.0,52.0,,,3.25,,,,4.0,4,16.0
Girish Maruti Ernak,,23.0,2.0,25.0,25.0,,0.0,2.08,,,,1.0,4,12.0
Gurvinder Singh,4.0,,,,4.0,4.0,0.67,,,,2.0,,4,6.0
Hadi Oshtorak,,9.0,3.0,12.0,13.0,1.0,,1.71,,,,1.0,4,7.0
Hadi Tajik,,1.0,,1.0,1.0,,,,,,,,4,1.0
Jang Kun Lee,49.0,4.0,,4.0,65.0,61.0,5.55,0.36,2.0,2.0,13.0,,4,11.0
Jasmer Singh Gulia,,19.0,,19.0,19.0,,0.0,1.46,,,,1.0,4,13.0
Jasvir Singh,64.0,4.0,2.0,6.0,88.0,82.0,5.86,0.43,2.0,,17.0,,4,14.0
Jawahar,,2.0,,2.0,2.0,,,0.33,,,,,4,6.0
Jeeva Gopal,,,,,,,,0.0,,,,,4,5.0
Jeeva Kumar,,24.0,2.0,26.0,26.0,,,1.86,,,,,4,14.0
Joginder Narwal,3.0,32.0,2.0,34.0,38.0,4.0,0.8,2.13,,,1.0,,4,16.0
K. Prapanjan,10.0,,,,12.0,12.0,1.09,,,,9.0,,4,11.0
Kashiling Adake,58.0,8.0,3.0,11.0,89.0,78.0,6.0,0.85,2.0,3.0,17.0,,4,13.0
Kuldeep Singh,7.0,29.0,5.0,34.0,42.0,8.0,0.57,2.27,,,,2.0,4,15.0
Mahendra Rajput,,,,,,,0.0,,,,,,4,4.0
Mahesh Goud,4.0,,,,5.0,5.0,0.83,,,,1.0,,4,7.0
Mahipal Narwal,8.0,7.0,2.0,9.0,22.0,13.0,1.44,0.64,,1.0,4.0,,4,14.0
Manjeet Chhillar,20.0,43.0,1.0,44.0,68.0,24.0,2.4,3.67,,1.0,2.0,5.0,4,12.0
Manoj Dhull,,1.0,,1.0,1.0,,,,,,,,4,2.0
Manoj Kumar,,4.0,,4.0,4.0,,,0.5,,,,,4,8.0
Meraj Sheykh,42.0,9.0,3.0,12.0,75.0,63.0,4.5,0.86,,4.0,22.0,,4,14.0
Mohit Chhillar,1.0,44.0,3.0,47.0,50.0,3.0,0.5,3.36,,,,4.0,4,14.0
Monu Goyat,52.0,3.0,1.0,4.0,63.0,59.0,4.54,0.31,,,18.0,,4,13.0
Nilesh Salunke,47.0,1.0,,1.0,62.0,61.0,4.36,0.07,1.0,1.0,18.0,,4,15.0
Nilesh Shinde,1.0,26.0,,26.0,28.0,2.0,0.25,2.17,,,,,4,12.0
Nitin Kumar,1.0,,,,1.0,1.0,,,,,1.0,,4,1.0
Nitin Madane,43.0,1.0,1.0,2.0,53.0,51.0,3.92,0.15,1.0,1.0,22.0,,4,13.0
Nitin Tomar,30.0,1.0,,1.0,34.0,33.0,2.75,0.08,,1.0,11.0,,4,12.0
Pardeep Narwal,100.0,1.0,1.0,2.0,133.0,131.0,8.19,0.13,5.0,3.0,23.0,,4,16.0
Parmod Narwal,3.0,1.0,,1.0,9.0,8.0,1.33,0.13,,1.0,1.0,,4,8.0
Parveen Narwal,1.0,,,,1.0,1.0,,,,,,,4,1.0
Parvesh Bhainswal,,3.0,,3.0,3.0,,,0.43,,,,,4,7.0
Pawan Kumar,15.0,1.0,,1.0,21.0,20.0,2.22,0.11,,,9.0,,4,9.0
Pawan Sehrawat,8.0,,,,11.0,11.0,1.57,,,,6.0,,4,10.0
Prashant Chavan,,10.0,,10.0,10.0,,,1.11,,,,,4,9.0
Prashant Kumar Rai,12.0,,,,19.0,19.0,2.38,,1.0,2.0,9.0,,4,9.0
Preetam Chhillar,,2.0,,2.0,2.0,,,0.25,,,,,4,8.0
Rahul Chaudhari,110.0,3.0,1.0,4.0,150.0,146.0,9.13,0.25,7.0,6.0,38.0,,4,16.0
Rahul Kumar,,2.0,,2.0,2.0,,,0.22,,,,,4,9.0
Rajesh Mondal,47.0,2.0,,2.0,59.0,57.0,3.8,0.13,,1.0,34.0,,4,15.0
Rajesh Narwal,52.0,18.0,1.0,19.0,85.0,66.0,4.13,1.19,1.0,3.0,15.0,,4,16.0
Rakesh Kumar,40.0,23.0,3.0,26.0,70.0,44.0,3.14,1.86,1.0,1.0,1.0,,4,14.0
Ran Singh,4.0,27.0,1.0,28.0,33.0,5.0,1.0,1.75,,,,,4,16.0
Ravi Dalal,8.0,,,,13.0,13.0,2.17,,,1.0,7.0,,4,6.0
Ravi Kumar,,,,,,,,0.0,,,,,4,5.0
Ravinder Pahal,,35.0,2.0,37.0,37.0,,,2.64,,,,3.0,4,14.0
Ravindra Ramesh Kumavat,2.0,1.0,,1.0,3.0,2.0,1.0,,,,,,4,2.0
Rishank Devadiga,57.0,,,,70.0,70.0,5.0,0.0,2.0,2.0,19.0,,4,14.0
Rohit Kumar,75.0,6.0,1.0,7.0,100.0,93.0,6.64,0.5,1.0,3.0,15.0,,4,14.0
Rohit Rana,,3.0,,3.0,3.0,,,0.6,,,,,4,5.0
Rupesh Tomar,,3.0,,3.0,3.0,,,1.0,,,,,4,3.0
S Mahalingam,,14.0,2.0,16.0,16.0,,,1.45,,,,,4,11.0
Sachin Shingade,,39.0,5.0,44.0,44.0,,,3.14,,,,4.0,4,14.0
Sagar Krishna,,6.0,,6.0,6.0,,,0.55,,,,,4,11.0
Sandeep Dhull,,35.0,,35.0,35.0,,,2.92,,,,2.0,4,12.0
Sandeep Narwal,20.0,40.0,2.0,42.0,66.0,24.0,1.5,2.63,,,,3.0,4,16.0
Sanket Chavan,,11.0,,11.0,11.0,,,1.83,,,,,4,6.0
Selvamani K,34.0,,,,45.0,45.0,3.46,0.0,,1.0,27.0,,4,13.0
Shabeer Bappu,18.0,6.0,5.0,11.0,35.0,24.0,2.0,0.92,,1.0,2.0,1.0,4,12.0
Shrikant Jadhav,6.0,,,,7.0,7.0,1.75,,,,,,4,5.0
Shrikant Tewthia,,1.0,1.0,2.0,2.0,,0.0,,,,,,4,4.0
Somvir Shekhar,,21.0,1.0,22.0,22.0,,,1.38,,,,,4,16.0
Sonu Narwal,25.0,,,,32.0,32.0,2.91,,,,2.0,,4,11.0
Sukesh Hegde,5.0,,,,7.0,7.0,0.78,0.0,,,5.0,,4,9.0
Sumit Singh,5.0,1.0,1.0,2.0,9.0,7.0,1.4,,,,2.0,,4,5.0
Sunil,,15.0,1.0,16.0,17.0,1.0,,1.6,,,,,4,10.0
Sunil Kumar,1.0,,,,1.0,1.0,,,,,,,4,1.0
Sunny,,,,,1.0,1.0,0.33,,,,1.0,,4,3.0
Surender Nada,3.0,29.0,4.0,33.0,37.0,4.0,0.67,2.54,,,,1.0,4,13.0
Surender Singh,7.0,2.0,,2.0,11.0,9.0,0.9,0.18,,,4.0,,4,11.0
Suresu Kumar,15.0,3.0,,3.0,23.0,20.0,1.82,0.27,,,12.0,,4,11.0
Surjeet Narwal,6.0,4.0,,4.0,11.0,7.0,1.4,0.8,,,2.0,,4,5.0
Surjeet Singh,27.0,33.0,4.0,37.0,37.0,33.0,3.3,2.64,,1.0,5.0,2.0,4,14.0
Tushar Patil,11.0,1.0,,1.0,15.0,14.0,1.75,0.13,,,6.0,,4,8.0
Umesh Mhatre,4.0,3.0,1.0,4.0,8.0,4.0,2.0,2.0,,,1.0,,4,2.0
Vijin Thangadurai,,2.0,,2.0,2.0,,,0.22,,,,,4,9.0
Vikash Khandola,3.0,,,,3.0,3.0,0.75,,,,3.0,,4,4.0
Vikash Kumar,4.0,,,,6.0,6.0,1.0,,,,,,4,6.0
Vinod Kumar,16.0,30.0,,30.0,30.0,19.0,2.11,2.5,,,8.0,1.0,4,12.0
Vinoth Kumar,7.0,,,,8.0,8.0,2.67,,,,2.0,,4,3.0
Vishal Bharadwaj,1.0,6.0,,6.0,7.0,1.0,,3.0,,,,,4,2.0
Vishal Mane,,28.0,3.0,31.0,31.0,,,2.21,,,,2.0,4,14.0
Yogesh Hooda,12.0,2.0,,2.0,16.0,14.0,2.8,0.4,,,6.0,,4,5.0
Abolfazl Maghsodlou,77.0,5.0,1.0,6.0,97.0,91.0,4.79,0.32,,,26.0,,5,19.0
Abozar Mighani,,63.0,2.0,65.0,66.0,1.0,0.17,2.71,,,,2.0,5,24.0
Ajay Kumar,70.0,,,,89.0,89.0,4.05,,2.0,2.0,39.0,,5,22.0
Ajay Thakur,182.0,9.0,,9.0,222.0,213.0,9.68,0.41,12.0,3.0,30.0,,5,22.0
Ajit Singh,17.0,,,,23.0,23.0,2.09,,,1.0,7.0,,5,11.0
Ajvender Singh,,1.0,,1.0,1.0,,,,,,,,5,2.0
Akshay Jadhav,9.0,10.0,2.0,12.0,21.0,9.0,0.9,1.2,,,4.0,1.0,5,10.0
Amit Hooda,,55.0,6.0,61.0,61.0,,0.0,2.77,,,,2.0,5,22.0
Amit Sheoran,,,,,,,,0.0,,,,,5,4.0
Anand Patil,24.0,,,,33.0,33.0,1.83,0.0,,2.0,7.0,,5,19.0
Anil Kumar,,2.0,,2.0,2.0,1.0,,0.4,,,,,5,5.0
Anup Kumar,84.0,19.0,4.0,23.0,135.0,112.0,5.33,1.1,2.0,2.0,5.0,,5,21.0
Ashish Chhokar,6.0,3.0,,3.0,12.0,9.0,1.8,0.6,,1.0,1.0,,5,5.0
Ashish Kumar,16.0,14.0,1.0,15.0,32.0,17.0,1.0,0.75,,,4.0,1.0,5,20.0
Babu M,,2.0,,2.0,2.0,,,1.0,,,,,5,2.0
Bajirao Hodage,,11.0,,11.0,11.0,,,0.92,,,,,5,12.0
Bhavani Rajput,1.0,,,,3.0,3.0,0.75,,,,1.0,,5,4.0
Bhupender Singh,16.0,,,,28.0,28.0,1.65,0.0,,2.0,7.0,,5,17.0
C. Arun,,30.0,5.0,35.0,36.0,1.0,0.13,1.75,,,,1.0,5,20.0
Chandran Ranjit,43.0,,,,51.0,51.0,4.64,,1.0,3.0,13.0,,5,11.0
D. Suresh Kumar,,6.0,2.0,8.0,8.0,,,1.6,,,,,5,5.0
Darshan J.,,39.0,1.0,40.0,41.0,1.0,,2.0,,,,1.0,5,20.0
Darshan Kadian,24.0,4.0,3.0,7.0,40.0,33.0,2.36,0.44,,1.0,10.0,,5,16.0
David Mosambayi,1.0,,,,2.0,2.0,1.0,,,,,,5,2.0
Deepak Hooda,127.0,13.0,1.0,14.0,186.0,172.0,7.17,0.58,7.0,8.0,47.0,,5,24.0
Deepak Kumar,3.0,3.0,1.0,4.0,7.0,3.0,0.5,0.67,,,1.0,,5,6.0
Deepak Kumar Dahiya,61.0,2.0,,2.0,78.0,76.0,4.75,0.13,1.0,3.0,38.0,,5,16.0
Deepak Narwal,71.0,2.0,,2.0,87.0,85.0,5.31,0.13,4.0,1.0,25.0,,5,16.0
Deepak Yadav,,7.0,1.0,8.0,8.0,,,2.0,,,,,5,4.0
Dharmaraj Cheralathan,,24.0,1.0,25.0,25.0,,0.0,1.39,,,,,5,18.0
Dong Geon Lee,24.0,,,,29.0,29.0,1.71,,,,13.0,,5,17.0
Dong Ju Hong,,,,,1.0,1.0,,,,,,,5,3.0
E Subash,,2.0,1.0,3.0,3.0,,,1.5,,,,,5,2.0
Elangeshwaran R,7.0,2.0,2.0,4.0,16.0,12.0,2.4,0.8,,1.0,4.0,,5,5.0
Farhad Milaghardan,5.0,22.0,,22.0,28.0,6.0,0.6,1.22,,,1.0,,5,18.0
Fazel Atrachali,,54.0,3.0,57.0,57.0,,0.0,2.38,,,,4.0,5,24.0
Girish Maruti Ernak,1.0,61.0,3.0,64.0,69.0,5.0,0.45,3.05,,1.0,1.0,5.0,5,21.0
Gulveer Singh,1.0,,,,3.0,3.0,0.75,,,,,,5,4.0
Gurvinder Singh,10.0,7.0,,7.0,24.0,17.0,1.89,1.0,,1.0,5.0,,5,9.0
Hadi Oshtorak,,17.0,3.0,20.0,20.0,,,1.25,,,,,5,16.0
Hadi Tajik,2.0,5.0,,5.0,9.0,4.0,0.5,0.56,,,1.0,,5,9.0
Harish Naik,20.0,,,,24.0,24.0,1.71,0.0,1.0,,6.0,,5,14.0
Jaideep,,66.0,5.0,71.0,71.0,,,2.73,,,,5.0,5,26.0
Jang Kun Lee,80.0,,,,89.0,89.0,4.24,0.0,,,8.0,,5,21.0
Jasvir Singh,49.0,3.0,2.0,5.0,66.0,61.0,4.07,0.33,2.0,3.0,14.0,,5,15.0
Jawahar,3.0,26.0,3.0,29.0,35.0,6.0,0.6,1.61,,,1.0,,5,18.0
Jeeva Gopal,,3.0,2.0,5.0,5.0,,,0.83,,,,,5,6.0
Jeeva Kumar,,37.0,7.0,44.0,44.0,,,2.0,,,,1.0,5,22.0
Joginder Narwal,,9.0,,9.0,9.0,,,1.13,,,,,5,8.0
K. Prapanjan,104.0,1.0,,1.0,124.0,123.0,5.59,0.05,3.0,2.0,34.0,,5,22.0
Kamal Kishor,,,,,,,0.0,,,,,,5,7.0
Kashiling Adake,81.0,7.0,1.0,8.0,122.0,114.0,5.7,0.4,3.0,4.0,27.0,,5,20.0
Kuldeep,,2.0,,2.0,2.0,,,,,,,,5,5.0
Kuldeep Singh,7.0,30.0,6.0,32.0,47.0,16.0,1.23,2.0,,1.0,,3.0,5,20.0
M. Thivakaran,11.0,2.0,,2.0,16.0,14.0,1.56,,,,8.0,,5,9.0
Mahender Singh,1.0,52.0,5.0,57.0,58.0,1.0,,2.59,,,,3.0,5,22.0
Mahendra Rajput,43.0,5.0,,5.0,62.0,57.0,3.35,0.29,,3.0,15.0,,5,17.0
Mahesh Goud,30.0,4.0,3.0,7.0,42.0,35.0,1.84,0.33,,,8.0,,5,21.0
Maninder Singh,154.0,2.0,,2.0,192.0,190.0,9.05,0.1,9.0,6.0,22.0,,5,21.0
Manish,,17.0,5.0,22.0,22.0,,,0.96,,,,,5,23.0
Manjeet Chhillar,4.0,46.0,1.0,47.0,52.0,5.0,0.5,3.13,,,,3.0,5,15.0
Manoj Dhull,,6.0,,6.0,6.0,,,0.67,,,,,5,9.0
Manoj Kumar,,1.0,,1.0,1.0,,,,,,,,5,5.0
Mayur Shivtarkar,5.0,1.0,,1.0,6.0,5.0,1.0,,,,5.0,,5,5.0
Meraj Sheykh,76.0,8.0,,8.0,104.0,96.0,4.8,0.4,2.0,3.0,31.0,,5,20.0
Mohan Raman G,4.0,,,,8.0,8.0,2.0,,,,1.0,,5,4.0
Mohit Chhillar,1.0,35.0,4.0,39.0,42.0,3.0,0.43,1.95,,,,2.0,5,20.0
Mohsen Maghsoudlou,26.0,5.0,1.0,6.0,47.0,41.0,2.56,0.38,1.0,2.0,21.0,,5,16.0
Monu,15.0,29.0,1.0,30.0,49.0,19.0,1.0,1.58,,1.0,6.0,1.0,5,19.0
Monu Goyat,159.0,10.0,1.0,11.0,202.0,191.0,7.35,0.42,9.0,4.0,45.0,,5,26.0
More G B,13.0,2.0,,2.0,16.0,14.0,2.33,,,,8.0,,5,6.0
Munish,,,,,1.0,1.0,,,,,,,5,3.0
Muruthu M,,3.0,,3.0,3.0,,,1.0,,,,,5,3.0
N. Renjith,,10.0,2.0,12.0,12.0,,,1.09,,,,,5,11.0
Navneet Gautam,,,,,,,,0.0,,,,,5,3.0
Neeraj Kumar,,12.0,1.0,13.0,13.0,,,0.76,,,,,5,17.0
Nilesh Salunke,78.0,5.0,2.0,7.0,105.0,98.0,4.67,0.33,3.0,2.0,22.0,,5,21.0
Nilesh Shinde,2.0,19.0,1.0,20.0,24.0,4.0,0.5,1.33,,,1.0,3.0,5,15.0
Nitesh Kumar,,46.0,1.0,47.0,47.0,,,2.47,,,,4.0,5,19.0
Nitin Madane,11.0,,,,13.0,13.0,1.08,0.0,,,3.0,,5,12.0
Nitin Rawal,49.0,19.0,1.0,20.0,85.0,65.0,3.1,0.95,2.0,4.0,21.0,,5,21.0
Nitin Tomar,135.0,9.0,1.0,10.0,177.0,167.0,8.35,0.5,7.0,7.0,23.0,,5,20.0
Pankaj,,16.0,,16.0,16.0,,0.0,1.23,,,,,5,13.0
Pardeep Narwal,271.0,,,,369.0,369.0,14.19,0.0,19.0,18.0,29.0,,5,26.0
Parmod Narwal,,2.0,,2.0,2.0,,0.0,0.33,,,,,5,6.0
Parvesh Bhainswal,,44.0,4.0,48.0,48.0,,,2.0,,,,2.0,5,24.0
Pawan Kumar,95.0,,,,122.0,122.0,5.81,0.0,3.0,2.0,27.0,,5,21.0
Pawan Sehrawat,5.0,1.0,,1.0,10.0,9.0,1.0,,,,3.0,,5,9.0
Pradeep Narwal,,,,,,,,0.0,,,,,5,3.0
Prashant Kumar Rai,62.0,1.0,1.0,2.0,80.0,78.0,4.88,0.13,3.0,3.0,13.0,,5,16.0
Prathap,6.0,19.0,1.0,20.0,29.0,9.0,0.6,1.25,,,,,5,16.0
Preetam Chhillar,1.0,4.0,,4.0,7.0,3.0,0.27,0.25,,1.0,,,5,16.0
R. Sriram,29.0,1.0,,1.0,36.0,35.0,3.18,0.09,,,16.0,,5,11.0
Rahul Chaudhari,159.0,9.0,,9.0,193.0,184.0,8.36,0.41,8.0,5.0,28.0,,5,22.0
Rahul Choudhary,4.0,1.0,,1.0,6.0,5.0,1.0,,,,1.0,,5,5.0
Rahul Kumar,,6.0,,6.0,6.0,,,0.6,,,,,5,10.0
Rajesh Mondal,75.0,1.0,,1.0,91.0,90.0,3.75,0.04,1.0,1.0,40.0,,5,24.0
Rajesh Narwal,7.0,15.0,1.0,16.0,27.0,11.0,0.69,1.0,,1.0,,,5,16.0
Rakesh Kumar,7.0,15.0,1.0,16.0,23.0,7.0,0.7,1.6,,,,,5,10.0
Rakesh Narwal,15.0,1.0,,1.0,18.0,17.0,2.83,,,1.0,1.0,,5,6.0
Rakesh Singh Kumar,,23.0,1.0,24.0,24.0,,,1.26,,,,1.0,5,19.0
Rakshith,11.0,2.0,,2.0,14.0,12.0,2.0,,,,1.0,,5,6.0
Ran Singh,10.0,49.0,3.0,52.0,64.0,12.0,1.09,2.26,,,,2.0,5,23.0
Ravi Dalal,3.0,3.0,,3.0,8.0,5.0,1.0,0.6,,,1.0,,5,5.0
Ravi Kumar,,28.0,2.0,30.0,30.0,,,1.3,,,,,5,23.0
Ravinder Kumar,,1.0,,1.0,1.0,,,,,,,,5,1.0
Ravinder Pahal,1.0,49.0,3.0,52.0,54.0,2.0,0.4,2.74,,,,3.0,5,19.0
Ravindra Ramesh Kumavat,2.0,,,,2.0,2.0,1.0,,,,2.0,,5,2.0
Rinku Narwal,1.0,17.0,4.0,21.0,22.0,1.0,0.2,1.62,,,,1.0,5,13.0
Rishank Devadiga,126.0,4.0,1.0,5.0,170.0,165.0,7.86,0.24,5.0,12.0,32.0,,5,21.0
Rohit,3.0,,,,4.0,4.0,,,,,1.0,,5,2.0
Rohit Baliyan,55.0,9.0,,9.0,74.0,65.0,3.82,0.53,1.0,1.0,8.0,,5,17.0
Rohit Gulia,33.0,3.0,,3.0,38.0,35.0,1.84,0.16,,,12.0,,5,19.0
Rohit Kumar,192.0,11.0,1.0,12.0,231.0,219.0,9.95,0.55,12.0,1.0,36.0,,5,22.0
Rohit Kumar Choudary,10.0,,,,13.0,13.0,1.18,,,,1.0,,5,11.0
Rohit Rana,,24.0,,24.0,24.0,,,1.14,,,,,5,21.0
Rupesh Tomar,,1.0,,1.0,1.0,,0.0,,,,,,5,1.0
Sachin,132.0,13.0,1.0,14.0,173.0,159.0,6.63,0.58,7.0,2.0,37.0,,5,24.0
Sachin Kumar,,6.0,,6.0,7.0,1.0,0.25,0.67,,,,1.0,5,9.0
Sachin Shingade,,21.0,1.0,22.0,22.0,,,0.85,,,,,5,26.0
Sagar Krishna,1.0,29.0,3.0,32.0,33.0,1.0,0.14,1.88,,,,3.0,5,17.0
Sandeep Narwal,29.0,49.0,3.0,52.0,85.0,33.0,1.65,2.48,,1.0,2.0,1.0,5,21.0
Sanket Chavan,,4.0,,4.0,4.0,,,0.57,,,,,5,7.0
Sanoj Kumar,2.0,1.0,,1.0,3.0,2.0,,0.5,,,,,5,2.0
Santhapanaselvam,,15.0,,15.0,15.0,,,1.5,,,,,5,10.0
Santosh B.S.,1.0,8.0,1.0,9.0,12.0,3.0,0.43,1.0,,1.0,,,5,9.0
Satish,,3.0,,3.0,3.0,,,0.3,,,,,5,10.0
Satpal,,22.0,2.0,24.0,28.0,4.0,0.57,2.4,,,1.0,1.0,5,10.0
Selvamani K,3.0,,,,4.0,4.0,1.33,,,,,,5,3.0
Shabeer Bappu,30.0,2.0,1.0,3.0,38.0,35.0,2.92,0.25,1.0,,9.0,,5,12.0
Shashank Wankhede,,2.0,,2.0,2.0,,,0.67,,,,,5,3.0
Shrikant Jadhav,70.0,10.0,2.0,12.0,98.0,86.0,4.78,0.63,2.0,2.0,22.0,,5,19.0
Shrikant Tewthia,2.0,31.0,5.0,36.0,40.0,4.0,,1.57,,1.0,,1.0,5,23.0
Shubham Ashok Palkar,6.0,,,,7.0,7.0,0.88,,,,2.0,,5,8.0
Siddharth,3.0,24.0,3.0,27.0,31.0,4.0,0.36,1.29,,,,1.0,5,21.0
Sombir,,33.0,6.0,39.0,39.0,,,2.29,,,,2.0,5,17.0
Somvir Shekhar,,29.0,1.0,30.0,30.0,,,1.36,,,,,5,22.0
Sukesh Hegde,58.0,2.0,,2.0,77.0,75.0,4.17,0.11,1.0,2.0,17.0,,5,18.0
Sunil,,24.0,1.0,25.0,25.0,,,1.39,,,,,5,18.0
Sunil Jaipal,13.0,12.0,3.0,15.0,31.0,16.0,1.23,1.15,,,2.0,,5,13.0
Sunil Kumar,1.0,55.0,2.0,57.0,58.0,1.0,0.08,2.38,,,,3.0,5,24.0
Sunil Siddhgavali,,15.0,1.0,16.0,16.0,,,1.33,,,,1.0,5,12.0
Surender Nada,2.0,74.0,6.0,80.0,83.0,3.0,0.25,3.81,,,,9.0,5,21.0
Surender Singh,47.0,58.0,,58.0,70.0,68.0,4.0,2.64,2.0,2.0,19.0,3.0,5,22.0
Suresh Kumar,12.0,,,,22.0,22.0,2.0,,,,9.0,,5,11.0
Suresu Kumar,2.0,,,,2.0,2.0,0.67,,,,,,5,3.0
Surjeet Singh,47.0,72.0,4.0,76.0,79.0,59.0,3.47,3.17,1.0,1.0,4.0,9.0,5,24.0
Swapnil Shinde,,13.0,,13.0,13.0,,,1.0,,,,,5,13.0
Tapas Pal,,9.0,,9.0,9.0,,,1.8,,,,,5,5.0
Tushar Bhoir,,2.0,1.0,3.0,3.0,,,0.38,,,,,5,8.0
Tushar Patil,49.0,3.0,,3.0,67.0,64.0,3.76,0.18,,3.0,13.0,,5,17.0
Umesh Mhatre,1.0,,,,1.0,1.0,0.2,,,,1.0,,5,5.0
Vijay,18.0,34.0,3.0,37.0,64.0,27.0,1.59,1.95,,1.0,6.0,1.0,5,19.0
Vijay Kumar,,3.0,2.0,5.0,6.0,1.0,,0.63,,,,,5,8.0
Vijin Thangadurai,,3.0,1.0,4.0,4.0,,,0.33,,,,,5,12.0
Vikas,26.0,24.0,2.0,26.0,35.0,30.0,2.14,1.37,,,9.0,,5,19.0
Vikash,,5.0,,5.0,5.0,,,1.25,,,,,5,4.0
Vikash Jaglan,8.0,3.0,,3.0,13.0,10.0,0.83,0.23,,1.0,1.0,,5,13.0
Vikash Khandola,44.0,,,,58.0,58.0,6.44,,,1.0,16.0,,5,9.0
Vikrant,1.0,,,,3.0,3.0,,,,,,,5,3.0
Vineet Sharma,15.0,13.0,1.0,14.0,30.0,16.0,0.94,0.78,,,3.0,,5,18.0
Vinod Kumar,27.0,9.0,5.0,14.0,48.0,34.0,1.94,0.67,,2.0,18.0,,5,21.0
Vinoth Kumar,5.0,,,,6.0,6.0,1.5,,,,2.0,,5,4.0
Viraj Vishnu Landge,,16.0,,16.0,16.0,,,0.84,,,,,5,19.0
Virender Wazir Singh,3.0,,,,8.0,8.0,2.67,,,1.0,5.0,,5,3.0
Vishal,1.0,6.0,3.0,9.0,11.0,2.0,0.5,1.8,,,1.0,1.0,5,5.0
Vishal Bharadwaj,,68.0,3.0,71.0,71.0,,,3.23,,,,5.0,5,22.0
Vishal Mane,,36.0,3.0,39.0,39.0,,,1.5,,,,1.0,5,26.0
Vishnu Uthaman,,1.0,,1.0,1.0,,0.0,,,,,,5,3.0
Wazir Singh,86.0,11.0,2.0,13.0,120.0,107.0,5.1,0.62,3.0,3.0,27.0,,5,21.0
Yatharth,,10.0,1.0,11.0,11.0,,,1.83,,,,,5,6.0
Yong Joo Ok,1.0,,,,1.0,1.0,,,,,1.0,,5,1.0
Young Chang Ko,,2.0,,2.0,2.0,,,0.14,,,,,5,14.0
Ziaur Rahman,,18.0,2.0,20.0,20.0,,,1.25,,,,1.0,5,16.0
Aashish Nagar,,1.0,,1.0,1.0,,,,,,,,6,3.0
Abhishek Singh,38.0,6.0,,6.0,53.0,47.0,3.13,0.4,2.0,1.0,18.0,,6,15.0
Abolfazl Maghsodlou,19.0,2.0,,2.0,25.0,23.0,2.3,0.2,,2.0,5.0,,6,10.0
Abozar Mighani,,48.0,8.0,56.0,56.0,,0.0,2.67,,,,4.0,6,21.0
Adarsh T,1.0,9.0,3.0,12.0,14.0,2.0,,1.2,,,,,6,10.0
Ajay,,4.0,,4.0,4.0,,,0.57,,,,,6,7.0
Ajay Kumar,23.0,1.0,,1.0,33.0,32.0,2.67,,,1.0,4.0,,6,13.0
Ajay Thakur,177.0,1.0,,1.0,204.0,203.0,9.23,0.05,7.0,3.0,33.0,,6,22.0
Ajinkya Pawar,57.0,3.0,1.0,4.0,75.0,71.0,4.18,0.24,,1.0,21.0,,6,17.0
Ajit Singh,7.0,,,,9.0,9.0,1.5,,,,2.0,,6,6.0
Akshay Jadhav,25.0,12.0,1.0,13.0,41.0,28.0,1.56,0.72,,1.0,5.0,1.0,6,18.0
Amit,,5.0,1.0,6.0,6.0,,,0.43,,,,,6,14.0
Amit Hooda,,45.0,4.0,49.0,51.0,2.0,,2.72,,,,4.0,6,18.0
Amit Kumar,10.0,20.0,1.0,21.0,33.0,12.0,1.6,1.5,,1.0,6.0,1.0,6,17.0
Amit Nagar,13.0,6.0,,6.0,21.0,15.0,1.88,0.67,,,4.0,,6,9.0
Amit Sheoran,,36.0,2.0,38.0,38.0,,,2.53,,,,2.0,6,15.0
Anand,7.0,,,,8.0,8.0,2.67,,,,3.0,,6,3.0
Anand Patil,9.0,,,,13.0,13.0,1.86,,,1.0,5.0,,6,7.0
Anand Surendra Tomar,7.0,1.0,,1.0,9.0,8.0,1.6,,,,2.0,,6,5.0
Anand V,3.0,,,,3.0,3.0,1.0,,,,3.0,,6,3.0
Anil Kumar,,25.0,4.0,29.0,30.0,1.0,0.17,2.0,,,,1.0,6,18.0
Ankit,,3.0,,3.0,3.0,,,0.5,,,,,6,6.0
Anuj Kumar,1.0,4.0,1.0,5.0,6.0,1.0,,0.71,,,,,6,7.0
Anup Kumar,30.0,12.0,,12.0,50.0,38.0,2.92,0.92,,2.0,1.0,,6,13.0
Arjun Deshwal,3.0,,,,4.0,4.0,1.33,,,,,,6,3.0
Armaan,9.0,1.0,1.0,2.0,15.0,13.0,3.25,,1.0,1.0,4.0,,6,4.0
Arun Kumar,1.0,,,,1.0,1.0,,,,,,,6,2.0
Ashish Kumar,3.0,37.0,3.0,40.0,45.0,5.0,0.29,1.67,,,,1.0,6,24.0
Athul M S,46.0,1.0,,1.0,56.0,55.0,3.06,0.05,,,6.0,,6,19.0
Azad Singh,14.0,2.0,,2.0,23.0,21.0,2.33,,,1.0,6.0,,6,9.0
Bajirao Hodage,,1.0,,1.0,1.0,,,0.17,,,,,6,6.0
Baldev Singh,,24.0,3.0,27.0,28.0,1.0,,1.5,,,,1.0,6,18.0
Bhanu Pratap Tomar,6.0,,,,9.0,9.0,1.5,,,,1.0,,6,6.0
Bhupender Singh,6.0,2.0,1.0,3.0,13.0,10.0,2.5,,,1.0,6.0,,6,4.0
Bhuvneshwar Gaur,3.0,,,,6.0,6.0,1.0,,,,,,6,6.0
C Kalai Arasan,,,,,,,,0.0,,,,,6,2.0
C Manoj Kumar,7.0,4.0,,4.0,14.0,10.0,1.11,0.33,,,1.0,,6,12.0
C. Arun,,8.0,,8.0,8.0,,,0.5,,,,,6,16.0
Chandran Ranjit,127.0,4.0,1.0,5.0,158.0,153.0,6.38,0.21,3.0,3.0,16.0,,6,24.0
D. Gopu,,5.0,2.0,7.0,7.0,,,1.4,,,,,6,5.0
Darshan J.,,6.0,,6.0,6.0,,,0.67,,,,,6,9.0
Darshan Kadian,38.0,1.0,,1.0,50.0,49.0,3.5,,1.0,1.0,14.0,,6,14.0
David Mosambayi,1.0,,,,4.0,4.0,1.0,,,,,,6,4.0
Deepak Hooda,162.0,11.0,1.0,12.0,208.0,196.0,8.91,0.55,10.0,4.0,23.0,1.0,6,22.0
Deepak Kumar Dahiya,26.0,2.0,1.0,3.0,34.0,31.0,2.82,0.27,1.0,1.0,3.0,,6,11.0
Deepak Narwal,55.0,4.0,,4.0,74.0,70.0,4.12,0.24,3.0,1.0,9.0,,6,17.0
Dharmaraj Cheralathan,,37.0,3.0,40.0,40.0,,0.0,1.82,,,,1.0,6,22.0
Dharmender,2.0,,,,5.0,5.0,1.67,,,1.0,,,6,4.0
Dong Geon Lee,22.0,,,,31.0,31.0,2.82,,1.0,1.0,,,6,11.0
E Subash,,1.0,,1.0,1.0,,,,,,,,6,2.0
Farhad Milaghardan,17.0,21.0,4.0,25.0,47.0,22.0,1.29,1.14,,,3.0,1.0,6,22.0
Fazel Atrachali,,80.0,3.0,83.0,83.0,,0.0,3.61,,,,6.0,6,23.0
Gangadhari Mallesh,1.0,1.0,1.0,2.0,4.0,2.0,0.4,0.33,,,1.0,,6,6.0
Gaurav Kumar,2.0,,,,2.0,2.0,0.67,,,,,,6,3.0
Girish Maruti Ernak,,52.0,4.0,56.0,57.0,1.0,0.25,2.8,,,,4.0,6,20.0
Hadi Oshtorak,4.0,12.0,,12.0,18.0,6.0,1.2,0.92,,,3.0,,6,13.0
Hadi Tajik,,,,,,,,0.0,,,,,6,5.0
Harish Naik,14.0,,,,21.0,21.0,3.0,,,,,,6,7.0
Jaideep,,56.0,2.0,58.0,58.0,,0.0,2.64,,,,4.0,6,22.0
Jang Kun Lee,61.0,2.0,1.0,3.0,82.0,79.0,4.39,0.17,2.0,2.0,7.0,,6,18.0
Jasmer Singh Gulia,,4.0,,4.0,4.0,,,0.67,,,,,6,6.0
Jasvir Singh,32.0,4.0,,4.0,46.0,42.0,2.8,0.25,,,2.0,,6,16.0
Jawahar,1.0,17.0,3.0,20.0,23.0,3.0,,1.33,,,,2.0,6,15.0
Jeeva Kumar,,36.0,4.0,40.0,40.0,,,2.11,,,,1.0,6,19.0
Joginder Narwal,,47.0,4.0,51.0,51.0,,,2.32,,,,1.0,6,22.0
K. Prapanjan,95.0,1.0,,1.0,123.0,122.0,5.55,0.05,4.0,1.0,23.0,,6,22.0
Kamal Singh,7.0,1.0,1.0,2.0,15.0,13.0,2.17,0.25,,,3.0,,6,8.0
Kashiling Adake,51.0,15.0,2.0,17.0,84.0,67.0,3.35,0.85,1.0,3.0,12.0,,6,20.0
Krushna Madane,1.0,11.0,,11.0,12.0,1.0,,1.83,,,,,6,6.0
Kuldeep Singh,,45.0,4.0,49.0,49.0,,,2.23,,,,2.0,6,22.0
Lalit Chaudhary,1.0,3.0,1.0,4.0,7.0,3.0,1.0,,,,,,6,3.0
Lokesh Kaushik,2.0,2.0,,2.0,4.0,2.0,0.4,,,,,,6,6.0
Mahender Singh,,62.0,1.0,63.0,63.0,,0.0,2.63,,,,6.0,6,24.0
Mahendra Rajput,18.0,2.0,,2.0,30.0,28.0,2.15,0.15,,3.0,,,6,13.0
Mahesh Goud,26.0,8.0,,8.0,46.0,38.0,3.8,0.8,,3.0,11.0,,6,10.0
Mahesh Maruti Magdum,5.0,,,,7.0,7.0,2.33,,,,2.0,,6,4.0
Maninder Singh,158.0,,,,206.0,206.0,9.36,,9.0,6.0,34.0,,6,22.0
Manish,,13.0,2.0,15.0,15.0,,,0.88,,,,,6,17.0
Manjeet,76.0,14.0,1.0,15.0,102.0,87.0,3.95,0.68,2.0,3.0,17.0,,6,22.0
Manjeet Chhillar,5.0,54.0,5.0,59.0,67.0,8.0,0.5,3.11,,,,2.0,6,19.0
Manoj Dhull,,3.0,1.0,4.0,4.0,,,0.5,,,,,6,8.0
Masud Karim,2.0,,,,3.0,3.0,,,,,1.0,,6,3.0
Mayur Shivtarkar,1.0,19.0,,19.0,23.0,4.0,0.33,1.06,,,,,6,18.0
Meraj Sheykh,71.0,3.0,,3.0,97.0,94.0,4.95,0.16,2.0,6.0,25.0,,6,19.0
Mithin Kumar,2.0,,,,3.0,3.0,1.0,,,,2.0,,6,3.0
Mohit Chhillar,,28.0,3.0,31.0,31.0,,,2.21,,,,,6,14.0
Mohsen Maghsoudlou,25.0,25.0,2.0,27.0,56.0,29.0,1.53,1.42,,,4.0,,6,19.0
Monu,38.0,10.0,2.0,12.0,57.0,45.0,3.21,0.86,,1.0,14.0,,6,14.0
Monu Goyat,128.0,4.0,,4.0,164.0,160.0,8.0,0.2,10.0,3.0,5.0,,6,20.0
More G B,60.0,10.0,2.0,12.0,91.0,79.0,3.59,0.55,2.0,1.0,15.0,,6,22.0
N. Shiva Ramakrishna,,1.0,1.0,2.0,2.0,,,,,,,,6,1.0
Narender,,37.0,5.0,42.0,42.0,,,1.68,,,,2.0,6,25.0
Naveen,71.0,12.0,2.0,14.0,102.0,88.0,4.19,0.67,1.0,4.0,18.0,,6,21.0
Naveen Kumar,144.0,4.0,1.0,5.0,177.0,172.0,7.82,0.23,8.0,3.0,26.0,,6,22.0
Nilesh Salunke,59.0,4.0,,4.0,85.0,81.0,4.26,0.21,,4.0,23.0,,6,19.0
Nitesh Kumar,,92.0,8.0,100.0,101.0,1.0,0.17,4.0,,,,8.0,6,25.0
Nithesh B R,,1.0,,1.0,1.0,,,,,,,,6,2.0
Nitin Rawal,19.0,5.0,1.0,6.0,31.0,25.0,3.57,0.67,,1.0,6.0,,6,9.0
Nitin Tomar,84.0,2.0,,2.0,102.0,100.0,9.09,0.18,4.0,1.0,13.0,,6,11.0
Pankaj,,1.0,,1.0,1.0,,,,,,,,6,1.0
Pardeep Narwal,185.0,,,,233.0,233.0,11.1,,15.0,6.0,17.0,,6,21.0
Parveen,1.0,20.0,5.0,25.0,28.0,3.0,0.5,1.32,,,,1.0,6,19.0
Parvesh,5.0,4.0,1.0,5.0,12.0,7.0,1.17,0.83,,,1.0,,6,6.0
Parvesh Bhainswal,,82.0,4.0,86.0,86.0,,,3.44,,,,5.0,6,25.0
Pawan Kumar,32.0,,,,45.0,45.0,3.46,,,1.0,4.0,,6,13.0
Pawan Sehrawat,209.0,11.0,,11.0,282.0,271.0,11.29,0.46,13.0,12.0,29.0,,6,24.0
Ponparthiban Subramanian,,16.0,1.0,17.0,17.0,,,1.42,,,,1.0,6,12.0
Prashant Kumar Rai,112.0,2.0,1.0,3.0,147.0,144.0,7.2,0.14,5.0,2.0,23.0,,6,21.0
Prateek,1.0,2.0,,2.0,5.0,3.0,0.6,,,,,,6,6.0
Prathap,5.0,12.0,1.0,13.0,22.0,9.0,1.13,1.0,,,4.0,,6,13.0
Rahul Chaudhari,136.0,6.0,1.0,7.0,166.0,159.0,7.57,0.33,4.0,4.0,43.0,,6,21.0
Rajaguru Subramanian,,10.0,,10.0,10.0,,,1.25,,,,,6,8.0
Rajesh Mondal,13.0,,,,14.0,14.0,1.27,,,,7.0,,6,11.0
Rajesh Narwal,5.0,13.0,,13.0,20.0,7.0,0.64,0.81,,,,,6,16.0
Rajnish,8.0,,,,9.0,9.0,2.25,,,,1.0,,6,4.0
Raju Lal Choudhary,,20.0,,20.0,20.0,,,1.25,,,,,6,16.0
Rakesh Narwal,5.0,1.0,,1.0,10.0,9.0,1.5,,,1.0,,,6,6.0
Rakshith,12.0,,,,14.0,14.0,1.27,,,,3.0,,6,11.0
Ran Singh,23.0,41.0,1.0,42.0,71.0,29.0,1.71,1.91,,1.0,6.0,,6,22.0
Ravi Kumar,,33.0,7.0,40.0,40.0,,,1.82,,,,2.0,6,22.0
Ravinder Kumar,,8.0,1.0,9.0,9.0,,,1.13,,,,,6,8.0
Ravinder Pahal,,56.0,3.0,59.0,59.0,,,2.68,,,,4.0,6,22.0
Ravindra Ramesh Kumavat,29.0,5.0,,5.0,42.0,37.0,3.08,0.42,,2.0,14.0,,6,12.0
Rinku Narwal,1.0,19.0,1.0,20.0,21.0,1.0,0.25,1.33,,,1.0,,6,15.0
Rishank Devadiga,82.0,4.0,,4.0,104.0,100.0,4.35,0.17,1.0,3.0,8.0,,6,23.0
Rohit Baliyan,82.0,13.0,1.0,14.0,108.0,94.0,5.22,0.74,,1.0,6.0,,6,19.0
Rohit Gulia,48.0,3.0,,3.0,61.0,58.0,3.05,0.16,,2.0,14.0,,6,19.0
Rohit Kumar,129.0,9.0,,9.0,171.0,162.0,6.75,0.38,5.0,5.0,24.0,1.0,6,24.0
Rohit Kumar Choudary,2.0,,,,3.0,3.0,0.5,,,,,,6,6.0
Rohit Rana,,37.0,1.0,38.0,38.0,,,2.0,,,,2.0,6,19.0
Ruturaj Koravi,,44.0,3.0,47.0,47.0,,,2.04,,,,1.0,6,23.0
Sachin,159.0,12.0,2.0,14.0,204.0,190.0,8.26,0.61,7.0,1.0,28.0,,6,23.0
Sachin Kumar,21.0,39.0,4.0,43.0,68.0,25.0,1.32,1.72,,,4.0,2.0,6,25.0
Sachin Shingade,,23.0,2.0,25.0,25.0,,,1.32,,,,,6,19.0
Sachin Vittala,2.0,24.0,1.0,25.0,28.0,3.0,,1.14,,,,,6,22.0
Sagar Krishna,,17.0,1.0,18.0,18.0,,0.0,0.9,,,,1.0,6,20.0
Sandeep,4.0,13.0,3.0,16.0,16.0,7.0,3.5,1.6,,,2.0,,6,10.0
Sandeep Dhull,,62.0,5.0,67.0,67.0,,,3.05,,,,4.0,6,22.0
Sandeep Narwal,16.0,34.0,7.0,41.0,66.0,25.0,1.47,2.28,,1.0,4.0,1.0,6,18.0
Santhapanaselvam,,12.0,2.0,14.0,14.0,,,1.0,,,,,6,14.0
Satpal,,10.0,4.0,14.0,15.0,1.0,,1.17,,,,,6,12.0
Selvamani K,27.0,3.0,,3.0,41.0,38.0,2.71,0.2,1.0,3.0,9.0,,6,15.0
Shabeer Bappu,6.0,,,,7.0,7.0,1.17,0.0,,,,,6,6.0
Shrikant Jadhav,108.0,4.0,1.0,5.0,146.0,141.0,5.64,0.2,5.0,4.0,43.0,,6,25.0
Shrikant Tewthia,2.0,10.0,,10.0,13.0,3.0,0.75,1.25,,,,,6,8.0
Shubham Ashok Palkar,2.0,,,,2.0,2.0,0.5,,,,2.0,,6,4.0
Shubham Shinde,,9.0,3.0,12.0,12.0,,0.0,1.2,,,,,6,10.0
Siddharth Desai,169.0,3.0,,3.0,221.0,218.0,10.38,0.14,12.0,10.0,41.0,,6,21.0
Sombir,,1.0,,1.0,1.0,,,0.25,,,,,6,4.0
Sudhanshu Tyagi,,4.0,,4.0,4.0,,,0.31,,,,,6,13.0
Sukesh Hegde,51.0,2.0,1.0,3.0,71.0,68.0,4.0,0.18,,3.0,14.0,,6,17.0
Sumit Singh,7.0,4.0,,4.0,15.0,11.0,1.57,0.5,,,3.0,,6,8.0
Sunil,,41.0,1.0,41.0,41.0,,,1.86,,,,2.0,6,22.0
Sunil Kumar,,72.0,4.0,76.0,76.0,,0.0,3.04,,,,3.0,6,25.0
Sunil Siddhgavali,4.0,30.0,3.0,33.0,38.0,5.0,0.71,2.06,,,2.0,4.0,6,16.0
Surender Singh,,59.0,3.0,62.0,62.0,,,2.82,,,,2.0,6,22.0
Surjeet Singh,10.0,52.0,2.0,54.0,57.0,16.0,1.78,2.35,,1.0,4.0,4.0,6,23.0
Tae Deok Eom,,1.0,,1.0,1.0,,,0.09,,,,,6,11.0
Tapas Pal,,1.0,,1.0,1.0,,,,,,,,6,2.0
Tushar Patil,13.0,,,,20.0,20.0,2.22,,,,4.0,,6,9.0
Victor Obiero,4.0,,,,6.0,6.0,2.0,,,,,,6,3.0
Vijay,50.0,12.0,1.0,13.0,73.0,60.0,3.16,0.62,,,3.0,,6,21.0
Vijay Kumar,1.0,1.0,,1.0,3.0,2.0,,0.25,,,2.0,,6,4.0
Vijin Thangadurai,,8.0,2.0,10.0,10.0,,,0.63,,,,,6,16.0
Vikas Kale,,36.0,3.0,39.0,39.0,,,1.77,,,,1.0,6,22.0
Vikash Jaglan,13.0,16.0,,16.0,37.0,21.0,2.1,1.14,,1.0,2.0,,6,14.0
Vikash Khandola,136.0,5.0,,5.0,177.0,172.0,7.82,0.23,6.0,5.0,20.0,,6,22.0
Vikram Kandola,,1.0,,1.0,1.0,,,1.0,,,,,6,1.0
Vimal Raj V,2.0,,,,2.0,2.0,0.5,,,,1.0,,6,5.0
Vinod Kumar,15.0,25.0,4.0,29.0,51.0,22.0,1.29,1.71,,,5.0,2.0,6,17.0
Viraj Vishnu Landge,,6.0,,6.0,6.0,,,0.86,,,,,6,7.0
Vishal,1.0,7.0,2.0,9.0,10.0,1.0,0.25,1.5,,,1.0,,6,6.0
Vishal Bharadwaj,,51.0,9.0,60.0,60.0,,0.0,3.53,,,,5.0,6,17.0
Vishal Mane,,36.0,2.0,38.0,38.0,,,1.73,,,,3.0,6,22.0
Vishav Chaudhary,1.0,,,,2.0,2.0,1.0,,,,,,6,2.0
Wazir Singh,2.0,,,,2.0,2.0,2.0,,,,,,6,2.0
Yogesh Hooda,1.0,5.0,,5.0,8.0,3.0,0.6,0.83,,,1.0,,6,6.0
Young Chang Ko,,11.0,4.0,15.0,15.0,,,1.15,,,,1.0,6,13.0
Ziaur Rahman,,12.0,,12.0,12.0,,,0.67,,,,,6,18.0
Abhishek Singh,110.0,1.0,,1.0,126.0,125.0,6.94,0.06,7.0,2.0,33.0,,7,18.0
Abishek M,,11.0,,11.0,11.0,,,1.57,,,,,7,7.0
Abolfazl Maghsodlou,3.0,,,,5.0,5.0,1.0,,,,1.0,,7,6.0
Abozar Mighani,,36.0,3.0,39.0,40.0,1.0,0.2,2.17,,,,1.0,7,18.0
Adarsh T,,3.0,,3.0,3.0,,,0.33,,,,,7,9.0
Ajay,1.0,2.0,,2.0,4.0,2.0,,0.2,,,,,7,10.0
Ajay Thakur,47.0,,,,58.0,58.0,4.46,,1.0,2.0,8.0,,7,13.0
Ajeet,,13.0,1.0,14.0,14.0,,,1.0,,,,,7,14.0
Ajinkya Kapre,1.0,,,,1.0,1.0,,,,,,,7,2.0
Ajinkya Pawar,16.0,,,,19.0,19.0,1.46,,,,8.0,,7,14.0
Ajith V,89.0,,,,107.0,107.0,6.69,0.0,4.0,1.0,11.0,,7,17.0
Aman Kadian,2.0,1.0,,1.0,4.0,3.0,1.0,,,,,,7,3.0
Amit,1.0,21.0,2.0,23.0,25.0,2.0,0.33,1.28,,,,,7,18.0
Amit Hooda,,33.0,3.0,36.0,37.0,1.0,,2.57,,,,2.0,7,14.0
Amit Kumar,12.0,19.0,2.0,20.0,37.0,17.0,2.67,1.54,,1.0,8.0,,7,13.0
Amit Sheoran,,42.0,3.0,45.0,45.0,,,2.2,,,,3.0,7,20.0
Anand,3.0,,,,6.0,6.0,1.2,,,1.0,3.0,,7,5.0
Anil Kumar,,29.0,1.0,30.0,30.0,,,1.88,,,,,7,16.0
Ankit,,11.0,2.0,13.0,13.0,,0.0,1.08,,,,,7,12.0
Ankit Beniwal,5.0,1.0,,1.0,8.0,7.0,1.17,,,,,,7,6.0
Ankush,4.0,1.0,,1.0,7.0,6.0,2.0,,,,2.0,,7,3.0
Arjun Deshwal,57.0,2.0,,2.0,78.0,76.0,4.75,,2.0,2.0,11.0,,7,16.0
Armaan,6.0,,,,9.0,9.0,1.5,0.0,,1.0,2.0,,7,6.0
Arun Kumar,1.0,,,,2.0,2.0,,,,,,,7,2.0
Ashish,3.0,1.0,,1.0,5.0,5.0,0.71,,,,1.0,,7,7.0
Ashish Kumar,,3.0,2.0,5.0,6.0,1.0,0.17,0.71,,,,,7,7.0
Ashu Singh,,30.0,2.0,32.0,32.0,,,1.78,,,,,7,18.0
Athul M S,39.0,,,,56.0,56.0,3.5,,,,12.0,,7,16.0
Azad Singh,3.0,,,,6.0,6.0,1.5,,,,,,7,4.0
Baldev Singh,,54.0,5.0,59.0,59.0,,,2.95,,,,6.0,7,20.0
Balram,1.0,,,,2.0,2.0,,,,,2.0,,7,2.0
Banty,13.0,3.0,,3.0,21.0,18.0,1.64,0.25,,,6.0,,7,12.0
C. Arun,1.0,18.0,3.0,21.0,23.0,2.0,,1.17,,,,1.0,7,18.0
Chand Singh,1.0,5.0,1.0,6.0,7.0,1.0,,0.67,,,,,7,9.0
Chandran Ranjit,81.0,3.0,1.0,4.0,110.0,106.0,5.58,0.21,2.0,3.0,9.0,,7,19.0
Darshan Kadian,4.0,1.0,,1.0,8.0,7.0,1.0,0.14,,,1.0,,7,7.0
Deepak Hooda,113.0,10.0,2.0,12.0,158.0,146.0,7.3,0.6,7.0,2.0,25.0,,7,20.0
Deepak Narwal,44.0,1.0,,1.0,56.0,55.0,3.24,0.06,1.0,,12.0,,7,17.0
Dharmaraj Cheralathan,1.0,38.0,4.0,42.0,45.0,3.0,0.33,2.33,,,,1.0,7,18.0
Dong Geon Lee,8.0,,,,11.0,11.0,2.2,,,,4.0,,7,5.0
Elavarasan A,,3.0,1.0,4.0,4.0,,,1.33,,,,,7,3.0
Emad Sedaghatnia,5.0,,,,8.0,8.0,4.0,,,,,,7,2.0
Esmaeil Nabibakhsh,60.0,23.0,2.0,25.0,100.0,75.0,3.75,1.25,1.0,3.0,7.0,1.0,7,20.0
Farhad Milaghardan,20.0,27.0,,27.0,52.0,25.0,1.47,1.5,,,3.0,,7,18.0
Fazel Atrachali,1.0,60.0,4.0,64.0,66.0,2.0,0.2,3.2,,,,2.0,7,20.0
Girish Maruti Ernak,,28.0,3.0,31.0,32.0,1.0,,2.07,,,,1.0,7,15.0
Gurdeep,,2.0,,2.0,2.0,,,,,,,,7,2.0
Gurvinder Singh,3.0,,,,4.0,4.0,2.0,,,,,,7,2.0
Hadi Oshtorak,4.0,32.0,7.0,39.0,47.0,8.0,0.57,1.95,,,,1.0,7,20.0
Hadi Tajik,1.0,15.0,1.0,16.0,17.0,1.0,0.33,1.33,,,,,7,12.0
Harendra Kumar,,18.0,1.0,19.0,19.0,,,1.06,,,,1.0,7,18.0
Harmanjit Singh,5.0,,,,5.0,5.0,1.25,,,,,,7,4.0
Hemant Chauhan,1.0,1.0,,1.0,2.0,1.0,0.5,0.33,,,1.0,,7,3.0
Himanshu,1.0,1.0,,1.0,3.0,2.0,,,,,,,7,3.0
Jadhav Balasaheb,,28.0,7.0,35.0,35.0,,,1.94,,,,3.0,7,18.0
Jaideep,,46.0,3.0,49.0,49.0,,,2.45,,,,3.0,7,20.0
Jang Kun Lee,40.0,1.0,,1.0,53.0,52.0,3.71,0.07,,,14.0,,7,14.0
Jawahar,,5.0,,5.0,5.0,,,0.71,,,,,7,7.0
Jeeva Kumar,,31.0,1.0,32.0,32.0,,,1.68,,,,,7,19.0
Joginder Narwal,,42.0,4.0,46.0,46.0,,,2.3,,,,1.0,7,20.0
K. Prapanjan,71.0,2.0,,2.0,101.0,99.0,5.82,0.11,3.0,4.0,10.0,,7,18.0
Kamal Singh,,2.0,,2.0,2.0,,0.0,0.67,,,,,7,3.0
Krushna Madane,,6.0,,6.0,6.0,,0.0,0.67,,,,,7,9.0
Kuldeep Singh,,8.0,,8.0,8.0,,,0.8,,,,,7,10.0
Lalit Chaudhary,1.0,2.0,1.0,3.0,5.0,2.0,0.5,,,,,,7,4.0
Mahender Singh,,43.0,7.0,50.0,50.0,,0.0,2.88,,,,3.0,7,17.0
Maninder Singh,171.0,,,,205.0,205.0,10.25,0.0,10.0,6.0,24.0,,7,20.0
Manjeet,86.0,26.0,1.0,27.0,131.0,104.0,5.2,1.35,2.0,2.0,17.0,,7,20.0
Manjeet Chhillar,,35.0,2.0,37.0,41.0,4.0,0.36,2.47,,,,2.0,7,15.0
Mayur Shivtarkar,,6.0,,6.0,6.0,,,0.86,,,,,7,7.0
Meraj Sheykh,22.0,1.0,,1.0,31.0,30.0,2.31,,1.0,1.0,4.0,,7,13.0
Mohammad Esmaeil,28.0,6.0,2.0,8.0,43.0,35.0,2.06,0.44,,,10.0,,7,18.0
Mohammad Taghi,,1.0,,1.0,1.0,,,,,,,,7,3.0
Mohit Balyan,,1.0,1.0,2.0,2.0,,,,,,,,7,1.0
Mohit Chhillar,,34.0,3.0,37.0,37.0,,,2.06,,,,1.0,7,18.0
Mohit Sehrawat,4.0,10.0,2.0,12.0,17.0,5.0,0.42,0.92,,,3.0,1.0,7,13.0
Mohsen Maghsoudlou,4.0,2.0,1.0,3.0,8.0,5.0,0.63,0.27,,,3.0,,7,11.0
Monu,9.0,18.0,7.0,25.0,36.0,11.0,0.79,1.25,,,2.0,,7,20.0
Monu Goyat,38.0,2.0,1.0,3.0,46.0,43.0,4.3,0.3,1.0,,5.0,,7,10.0
More G B,35.0,20.0,1.0,21.0,64.0,43.0,2.53,1.24,,,14.0,,7,17.0
Narender,,,,,,,,0.0,,,,,7,3.0
Naveen,46.0,2.0,,2.0,61.0,59.0,3.93,0.13,1.0,1.0,10.0,,7,15.0
Naveen Kumar,213.0,2.0,,2.0,258.0,256.0,12.8,0.1,19.0,2.0,33.0,,7,20.0
Naveen Narwal,,1.0,,1.0,1.0,,,0.33,,,,,7,3.0
Neeraj Kumar,,47.0,4.0,51.0,51.0,,,2.55,,,,3.0,7,20.0
Nilesh Salunke,40.0,2.0,,2.0,55.0,53.0,3.12,0.12,1.0,1.0,9.0,,7,17.0
Nitesh Kumar,,44.0,6.0,50.0,51.0,1.0,,2.78,,,,3.0,7,18.0
Nitin Rawal,23.0,15.0,4.0,19.0,51.0,32.0,2.46,1.27,,1.0,8.0,1.0,7,15.0
Nitin Tomar,49.0,5.0,1.0,6.0,60.0,54.0,4.5,0.46,1.0,,,,7,13.0
Palle Mallikarjun,2.0,,,,2.0,2.0,0.67,,,,,,7,3.0
Pankaj,,21.0,,21.0,21.0,,,2.33,,,,1.0,7,9.0
Pankaj Mohite,84.0,3.0,,3.0,113.0,110.0,6.88,0.19,3.0,4.0,24.0,,7,16.0
Pardeep Narwal,196.0,,,,251.0,251.0,12.55,,13.0,12.0,39.0,,7,20.0
Parveen,,3.0,1.0,4.0,4.0,,,0.67,,,,,7,6.0
Parvesh Bhainswal,,46.0,2.0,48.0,48.0,,,2.4,,,,4.0,7,20.0
Pavan T,,10.0,2.0,12.0,12.0,,,0.8,,,,,7,15.0
Pawan Kumar,19.0,,,,25.0,25.0,4.17,,1.0,,5.0,,7,6.0
Pawan Sehrawat,222.0,13.0,1.0,14.0,295.0,281.0,13.85,0.7,14.0,7.0,14.0,,7,20.0
Ponparthiban Subramanian,,3.0,,3.0,3.0,,,0.43,,,,,7,7.0
Prashant Kumar Rai,60.0,,,,75.0,75.0,5.29,0.0,2.0,,8.0,,7,14.0
Purna Singh,3.0,,,,4.0,4.0,0.67,,,,1.0,,7,7.0
R. Sriram,,,,,,,0.0,,,,,,7,1.0
Rahul Chaudhari,97.0,8.0,,8.0,126.0,118.0,5.9,0.4,4.0,,24.0,,7,20.0
Rajaguru Subramanian,,2.0,,2.0,2.0,,,0.4,,,,,7,5.0
Rajnish,31.0,2.0,,2.0,45.0,43.0,4.3,0.2,2.0,1.0,10.0,,7,10.0
Rakesh Gowda,20.0,6.0,3.0,9.0,31.0,22.0,2.44,1.0,,,2.0,,7,9.0
Rakesh Narwal,3.0,,,,6.0,6.0,3.0,,,,1.0,,7,2.0
Ran Singh,5.0,29.0,1.0,30.0,39.0,9.0,0.9,1.58,,,1.0,,7,19.0
Ravi Kumar,,36.0,5.0,41.0,41.0,,0.0,2.28,,,,3.0,7,18.0
Ravinder,,2.0,1.0,3.0,3.0,,,0.6,,,,,7,5.0
Ravinder Pahal,,57.0,,57.0,57.0,,,2.85,,,,3.0,7,20.0
Ravindra Ramesh Kumavat,1.0,1.0,,1.0,2.0,1.0,0.33,,,,,,7,3.0
Rinku Narwal,,51.0,2.0,53.0,53.0,,,2.65,,,,3.0,7,20.0
Rishank Devadiga,35.0,1.0,,1.0,47.0,46.0,3.29,0.07,,2.0,6.0,,7,14.0
Rohit Baliyan,36.0,3.0,1.0,4.0,53.0,49.0,2.88,0.24,,2.0,7.0,,7,17.0
Rohit Gulia,95.0,8.0,1.0,9.0,127.0,118.0,5.9,0.45,4.0,1.0,11.0,,7,20.0
Rohit Kumar,69.0,4.0,,4.0,92.0,88.0,5.18,0.24,3.0,2.0,11.0,,7,17.0
Ruturaj Koravi,,15.0,,15.0,15.0,,,1.0,,,,,7,15.0
Sachin,65.0,1.0,,1.0,85.0,84.0,5.25,0.06,2.0,1.0,23.0,,7,16.0
Sachin Kumar,,3.0,1.0,4.0,4.0,,0.0,0.33,,,,,7,12.0
Sachin Narwal,7.0,1.0,,1.0,12.0,11.0,1.0,0.08,,1.0,3.0,,7,12.0
Saeid Ghaffari,,8.0,,8.0,8.0,,,0.89,,,,,7,9.0
Sagar,,12.0,1.0,13.0,13.0,,,1.18,,,,,7,11.0
Sagar Krishna,,11.0,3.0,14.0,14.0,,,1.17,,,,1.0,7,12.0
Sandeep,,2.0,,2.0,2.0,,,2.0,,,,,7,1.0
Sandeep Dhull,,60.0,7.0,67.0,68.0,1.0,,3.35,,,,5.0,7,20.0
Sandeep Narwal,14.0,38.0,5.0,43.0,61.0,18.0,1.0,2.15,,,2.0,1.0,7,20.0
Sanket Sawant,,7.0,,7.0,7.0,,,1.4,,,,,7,5.0
Santhapanaselvam,,13.0,1.0,14.0,14.0,,,1.75,,,,,7,8.0
Satywan,,1.0,,1.0,1.0,,,,,,,,7,1.0
Saurabh Nandal,1.0,44.0,5.0,49.0,50.0,1.0,,2.58,,,,5.0,7,19.0
Selvamani K,7.0,2.0,,2.0,13.0,11.0,1.83,,,1.0,1.0,,7,7.0
Shabeer Bappu,17.0,6.0,1.0,7.0,29.0,22.0,1.57,0.5,,,5.0,,7,14.0
Shrikant Jadhav,83.0,3.0,,3.0,117.0,114.0,6.33,0.17,3.0,2.0,26.0,,7,18.0
Shubham Shinde,1.0,15.0,2.0,17.0,18.0,1.0,0.17,1.31,,,,,7,13.0
Siddharth Desai,143.0,3.0,,3.0,177.0,174.0,9.67,0.17,7.0,6.0,22.0,,7,18.0
Sombir,,1.0,,1.0,1.0,,,,,,,,7,8.0
Sonu,42.0,3.0,1.0,4.0,56.0,52.0,3.47,,1.0,3.0,9.0,,7,15.0
Sukesh Hegde,27.0,1.0,,1.0,41.0,40.0,3.08,,,2.0,11.0,,7,13.0
Sumit,1.0,60.0,1.0,61.0,63.0,2.0,0.5,3.39,,,,5.0,7,18.0
Sumit Malik,,14.0,1.0,15.0,15.0,,,1.07,,,,,7,14.0
Sumit Singh,27.0,3.0,1.0,4.0,40.0,36.0,2.25,0.25,,,8.0,,7,16.0
Sunil,,46.0,1.0,47.0,47.0,,,2.61,,,,3.0,7,18.0
Sunil Kumar,1.0,40.0,6.0,46.0,47.0,1.0,0.14,2.56,,,1.0,4.0,7,18.0
Sunil Siddhgavali,,6.0,3.0,9.0,9.0,,,0.64,,,,,7,14.0
Suraj Desai,35.0,1.0,,1.0,45.0,44.0,4.0,0.08,1.0,1.0,3.0,,7,12.0
Surender Gill,41.0,7.0,1.0,8.0,62.0,54.0,3.6,0.53,,1.0,24.0,,7,15.0
Surender Singh,5.0,44.0,2.0,46.0,50.0,10.0,2.5,2.3,,1.0,5.0,2.0,7,20.0
Surjeet Singh,1.0,46.0,5.0,51.0,53.0,2.0,0.25,2.68,,,,5.0,7,19.0
Sushant Sail,8.0,,,,12.0,12.0,1.33,,,,1.0,,7,9.0
Sushil Gulia,12.0,1.0,,1.0,20.0,19.0,2.71,,,2.0,8.0,,7,7.0
Victor Obiero,4.0,1.0,1.0,2.0,8.0,6.0,2.0,,,,,,7,3.0
Vijay,31.0,11.0,,11.0,51.0,40.0,2.22,0.58,1.0,2.0,2.0,,7,19.0
Vijay Kumar,,4.0,1.0,5.0,5.0,,,0.56,,,,,7,9.0
Vikas Chhillar,1.0,,,,1.0,1.0,,,,,,,7,1.0
Vikas Kale,,36.0,2.0,38.0,38.0,,,2.0,,,,2.0,7,19.0
Vikash Jaglan,7.0,17.0,,17.0,29.0,12.0,0.71,0.85,,,6.0,,7,20.0
Vikash Khandola,123.0,4.0,,4.0,163.0,159.0,9.24,0.24,9.0,6.0,38.0,,7,17.0
Vinay,69.0,4.0,,4.0,101.0,97.0,4.85,0.2,2.0,6.0,14.0,,7,20.0
Vineet Sharma,3.0,6.0,1.0,7.0,16.0,9.0,1.13,0.64,,,2.0,,7,11.0
Vinod Kumar,6.0,4.0,,4.0,10.0,6.0,0.75,0.44,,,,,7,9.0
Viraj Vishnu Landge,,7.0,,7.0,7.0,,,0.88,,,,,7,8.0
Vishal,,34.0,7.0,41.0,41.0,,,2.93,,,,1.0,7,14.0
Vishal Bharadwaj,,52.0,9.0,61.0,61.0,,0.0,3.39,,,,5.0,7,18.0
Vishal Mane,,24.0,,24.0,24.0,,,1.2,,,,,7,20.0
Yashwant Bishnoi,2.0,,,,2.0,2.0,0.67,,,,,,7,3.0
Young Chang Ko,,5.0,2.0,7.0,7.0,,,0.64,,,,,7,11.0
